key,0,1,2,3,4,5,6,7,8,9,10,11,12,13,14,15
#,UnlockType1,UnlockCriteria1[0],UnlockCriteria1[1],UnlockCriteria1[2],UnlockCriteria1[3],UnlockCriteria1[4],UnlockCriteria1[5],UnlockType2,UnlockCriteria2,UnlockCriteria3,UnlockCriteria4,PrerequisiteType,Prerequisite,UnlockHint,,
int32,byte,Row,Row,Row,Row,Row,Row,byte,Row,Row,Row,uint32,Row,BannerObtainHintType,byte,bit&01
0,0,,,,,,,0,,,,0,,"",0,False
1,10,,,,,,,1,,,,0,,"",0,False
2,5,"表情：破顔",,,,,,16,,,,0,,,51,False
3,5,"表情：熟考",,,,,,5,"演技教本:熟考",,,0,,,41,False
4,5,"表情：空想",,,,,,2,"「暁」の少年",,,0,,,43,False
5,5,"表情：忍耐",,,,,,2,"響き渡る声",,,0,,,43,False
6,5,"東方風お辞儀",,,,,,2,"砦に集いし無頼漢",,,0,,,43,False
7,5,"挨拶する",,,,,,2,"風雲急を告げる報せ",,,0,,,43,False
8,5,"帝国式敬礼",,,,,,2,"偽りの敬礼",,,0,,,41,False
9,5,"ラリホー",,,,,,2," ラリホー！！！！",,,0,,,54,False
10,5,"戦いに備える",,,,,,2,"運命の歯車",,,0,,,42,False
11,5,"勝利を喜ぶ",,,,,,2,"四国合同演習",,,0,,,42,False
12,5,"「イイ！」",,,,,,2,"友の微笑み",,,0,,,52,False
13,5,"心づけ",,,,,,2,"三種の至宝",,,0,,,0,False
14,5,"投げる",,,,,,2,"雪原の投擲者",,,0,,"",0,False
15,5,"眼鏡を正す",,,,,,2,"怪文書の影に",,,0,,,52,False
16,5,"静寂を促す",,,,,,2,"黎明の死闘",,,0,,,44,False
17,5,"ステップダンス",,,,,,2,"こっそりバッチリ愉快な踊り",,,0,,,51,False
18,5,"豊穣の舞",,,,,,2,"誰がために人は踊る",,,0,,,51,False
19,5,"宮廷の舞",,,,,,2,"踊り子は次の舞台へ",,,0,,,51,False
20,5,"紳士の舞",,,,,,2,"白髪の鬼",,,0,,,51,False
21,5,"事件屋の決めポーズ",,,,,,2,"事件は砂塵に消ゆ",,,0,,,51,False
22,5,"太陽の舞",,,,,,2," 畏敬されし者",,,0,,,47,False
23,5,"太陽と月の舞",,,,,,2,"導かれし盟友たち",,,0,,,47,False
24,5,"モグモグダンス",,,,,,2," 岩を砕く修復団！",,,0,,,47,False
25,5,"鼻歌",,,,,,2,"朱色慕情",,,0,,,53,False
26,5,"事件屋のマンボ",,,,,,2,"薬に侵されし最強の男",,,0,,,53,False
27,5,"格闘訓練",,,,,,2,"冒険の誘い",,,0,,,43,False
28,5,"抱き合う",,,,,,2,"時がふたりを分かつまで",,,0,,,0,True
29,5,"サベネアンダンス",,,,,,16,,,,0,,,51,False
30,5,"ゴールデンダンス",,,,,,16,,,,0,,,51,False
31,5,"ビーステップ",,,,,,16,,,,0,,,51,False
32,5,"頭痛",,,,,,19,,,,0,,,40,False
33,5,"怯える",,,,,,22,,,,0,,,43,False
34,5,"膝を突く",,,,,,22,,,,0,,,43,False
35,5,"主張する",,,,,,18,,,,0,,,52,False
36,5,"パンを食べる",,,,,,18,,,,0,,,52,False
37,5,"おにぎりを食べる",,,,,,18,,,,0,,,52,False
38,5,"本を読む",,,,,,18,,,,0,,,52,False
39,5,"ハイタッチ",,,,,,18,,,,0,,,52,False
40,5,"斜め立ち",,,,,,18,,,,0,,,52,False
41,5,"ホウキで掃く",,,,,,18,,,,0,,,52,False
42,5,"仰天",,,,,,16,,,,0,,,51,False
43,5,"暑がる",,,,,,20,,,,0,,,53,False
44,5,"警備する",,,,,,23,,,,0,,,54,False
45,5,"呪う",,,,,,23,,,,0,,,54,False
46,5,"抱拳礼",,,,,,12,"演技教本:抱拳礼",,,0,,"",0,False
47,5,"愛を表現する",,,,,,6,"演技教本:愛を表現する",,,0,,"",0,False
48,5,"勝ちどき",,,,,,6,"演技教本:勝ちどき",,,0,,"",0,False
49,5,"閃く",,,,,,6,"演技教本:閃く",,,0,,"",0,False
50,5,"サボテンダーポーズ",,,,,,6,"演技教本:サボテンダーポーズ",,,0,,"",0,False
51,5,"乾杯する",,,,,,12,"演技教本:乾杯",,,0,,"",0,False
52,5,"フィンガースナップ",,,,,,12,"演技教本:フィンガースナップ",,,0,,"",0,False
53,5,"フラワーシャワー",,,,,,12,"演技教本:フラワーシャワー",,,0,,"",0,False
54,5,"困惑する",,,,,,6,"演技教本:困惑する",,,0,,"",0,False
55,5,"トームストーン",,,,,,9,,,,0,,"",0,False
56,5,"宙返り",,,,,,12,"演技教本:宙返り",,,0,,"",0,False
57,5,"ウォームアップ",,,,,,12,"演技教本:準備体操",,,0,,"",0,False
58,5,"おねだり",,,,,,12,"演技教本:おねだり",,,0,,"",0,False
59,5,"力を高める",,,,,,12,"演技教本:力を高める",,,0,,"",0,False
60,5,"演舞",,,,,,12,"演技教本:演舞",,,0,,"",0,False
61,5,"ピザを食べる",,,,,,12,"演技教本:ピザを食べる",,,0,,"",0,False
62,5,"ゆで卵を食べる",,,,,,6,"演技教本:ゆで卵を食べる",,,0,,"",0,False
63,5,"紅茶を飲む",,,,,,12,"演技教本:紅茶を飲む",,,0,,"",0,False
64,5,"疑問を抱く",,,,,,6,"演技教本:疑問を抱く",,,0,,"",0,False
65,5,"パントマイム",,,,,,12,"演技教本:パントマイム",,,0,,"",0,False
66,5,"ボム踊り",,,,,,6,"演技教本:ボム踊り",,,0,,"",0,False
67,5,"戦士の演武：壱",,,,,,6,"演技教本:戦士の演武壱",,,0,,"",0,False
68,5,"戦士の演武：壱ノ裏",,,,,,6,"演技教本:戦士の演武壱",,,0,,"",0,False
69,5,"戦士の演武：弐",,,,,,6,"演技教本:戦士の演武弐",,,0,,"",0,False
70,5,"戦士の演武：弐ノ裏",,,,,,6,"演技教本:戦士の演武弐",,,0,,"",0,False
71,5,"戦士の演武：参",,,,,,6,"演技教本:戦士の演武参",,,0,,"",0,False
72,5,"戦士の演武：参ノ裏",,,,,,6,"演技教本:戦士の演武参",,,0,,"",0,False
73,5,"東方の伝統舞踊",,,,,,12,"演技教本:東方舞踊",,,0,,"",0,False
74,5,"歌姫を真似る",,,,,,6,"演技教本:歌姫を真似る",,,0,,"",0,False
75,0,,,,,,,0,,,,0,,"",0,False
76,0,,,,,,,0,,,,0,,"",0,False
77,0,,,,,,,0,,,,0,,"",0,False
78,5,"ボックスステップ",,,,,,12,"演技教本:ボックスステップ",,,0,,"",0,False
79,5,"サイドステップ",,,,,,12,"演技教本:サイドステップ",,,0,,"",0,False
80,5,"ゲットファンタジー",,,,,,12,"演技教本:ゲットファンタジー",,,0,,"",0,False
81,5,"ポポトステップ",,,,,,12,"演技教本:ポポトステップ",,,0,,"",0,False
82,5,"ヒールトー",,,,,,12,"演技教本:ヒールトー",,,0,,"",0,False
83,5,"グゥーブー・ドゥ",,,,,,12,"演技教本:グゥーブー・ドゥ",,,0,,"",0,False
84,5,"わっしょい",,,,,,12,"演技教本:わっしょい",,,0,,"",0,False
85,5,"フレイムダンス",,,,,,6,"演技教本:フレイムダンス",,,0,,"",0,False
86,0,,,,,,,0,,,,0,,"",0,False
87,5,"見せつける：右",,,,,,6,"演技教本:見せつける",,,0,,"",0,False
88,5,"見せつける：左",,,,,,6,"演技教本:見せつける",,,0,,"",0,False
89,5,"斬鉄剣",,,,,,12,"演技教本:斬鉄剣",,,0,,"",0,True
90,5,"氷結の幻想",,,,,,12,"演技教本:氷結の幻想",,,0,,"",0,True
91,5,"メガフレア",,,,,,12,"演技教本:メガフレア",,,0,,"",0,False
92,5,"アルテマ",,,,,,12,"演技教本:アルテマ",,,0,,"",0,True
93,0,,,,,,,0,,,,0,,"",0,False
94,0,,,,,,,0,,,,0,,"",0,False
95,5,"ガッツポーズ",,,,,,7,"演技教本:ガッツポーズ",,,0,,"",0,False
96,5,"寒がる",,,,,,7,"演技教本:寒がる",,,0,,"",0,False
97,5,"企みを話す",,,,,,7,"演技教本:企みを話す",,,0,,"",0,False
98,5,"チョコボの筆：黒",,,,,,43,,,,0,,"",0,False
99,0,,,,,,,0,,,,0,,"",0,False
100,0,,,,,,,0,,,,0,,"",0,False
101,0,,,,,,,0,,,,0,,"",0,False
102,5,"確認",,,,,,43,,,,0,,"",0,False
103,5,"リンゴを食べる",,,,,,7,"演技教本:リンゴを食べる",,,0,,,52,False
104,5,"もみ手をする",,,,,,7,"演技教本:もみ手をする",,,0,,"",0,False
105,5,"おまじない",,,,,,17,,,,0,,,48,False
106,5,"魅惑の抱擁",,,,,,17,,,,0,,,48,False
107,5,"ヨルダンス",,,,,,17,,,,0,,,48,False
108,5,"ラリホップ",,,,,,17,,,,0,,,49,False
109,0,,,,,,,0,,,,0,,"",0,False
110,0,,,,,,,0,,,,0,,"",0,False
111,0,,,,,,,0,,,,0,,"",0,False
112,5,"拳を突き出す",,,,,,8,"演技教本:拳を突き出す",,,0,,"",0,True
113,5,"スクワット",,,,,,11,"頼れる小隊長：ランク1",,,0,,,51,False
114,5,"腕立て伏せ",,,,,,11,"頼れる小隊長：ランク1",,,0,,,51,False
115,5,"腹筋運動",,,,,,11,"頼れる小隊長：ランク1",,,0,,,51,False
116,5,"深呼吸",,,,,,11,"頼れる小隊長：ランク1",,,0,,,51,False
117,5,"気をつけ",,,,,,5,"演技教本:気をつけ",,,0,,,41,False
118,5,"休め",,,,,,5,"演技教本:休め",,,0,,,41,False
119,5,"説明",,,,,,21,"ENpcBase#1005244","Level#4270098","演技教本:説明",0,,"",0,False
120,5,"意気込む",,,,,,21,"ENpcBase#1038441","Level#9159882","演技教本:意気込む",0,,"",0,False
121,5,"武器を構える",,,,,,16,,,,0,,,51,False
122,5,"武器を収める",,,,,,16,,,,0,,,51,False
123,5,"注意する",,,,,,21,"ENpcBase#1005244","Level#4270098","演技教本:注意する",0,,"",0,False
124,9,,,,,,,21,"ENpcBase#1038441","Level#9159882","ポートレート教材:ナイト",0,,"",0,False
125,9,,,,,,,21,"ENpcBase#1038441","Level#9159882","ポートレート教材:戦士",0,,"",0,False
126,9,,,,,,,21,"ENpcBase#1038441","Level#9159882","ポートレート教材:暗黒騎士",0,,"",0,False
127,9,,,,,,,21,"ENpcBase#1038441","Level#9159882","ポートレート教材:ガンブレイカー",0,,"",0,False
128,9,,,,,,,21,"ENpcBase#1038441","Level#9159882","ポートレート教材:白魔道士",0,,"",0,False
129,9,,,,,,,21,"ENpcBase#1038441","Level#9159882","ポートレート教材:学者",0,,"",0,False
130,9,,,,,,,21,"ENpcBase#1038441","Level#9159882","ポートレート教材:占星術師",0,,"",0,False
131,9,,,,,,,21,"ENpcBase#1038441","Level#9159882","ポートレート教材:賢者",0,,"",0,False
132,9,,,,,,,21,"ENpcBase#1038441","Level#9159882","ポートレート教材:モンク",0,,"",0,False
133,9,,,,,,,21,"ENpcBase#1038441","Level#9159882","ポートレート教材:竜騎士",0,,"",0,False
134,9,,,,,,,21,"ENpcBase#1038441","Level#9159882","ポートレート教材:忍者",0,,"",0,False
135,9,,,,,,,21,"ENpcBase#1038441","Level#9159882","ポートレート教材:侍",0,,"",0,False
136,9,,,,,,,21,"ENpcBase#1038441","Level#9159882","ポートレート教材:リーパー",0,,"",0,False
137,9,,,,,,,21,"ENpcBase#1038441","Level#9159882","ポートレート教材:吟遊詩人",0,,"",0,False
138,9,,,,,,,21,"ENpcBase#1038441","Level#9159882","ポートレート教材:機工士",0,,"",0,False
139,9,,,,,,,21,"ENpcBase#1038441","Level#9159882","ポートレート教材:踊り子",0,,"",0,False
140,9,,,,,,,21,"ENpcBase#1038441","Level#9159882","ポートレート教材:黒魔道士",0,,"",0,False
141,9,,,,,,,21,"ENpcBase#1038441","Level#9159882","ポートレート教材:召喚士",0,,"",0,False
142,9,,,,,,,21,"ENpcBase#1038441","Level#9159882","ポートレート教材:赤魔道士",0,,"",0,False
143,9,,,,,,,21,"ENpcBase#1038441","Level#9159882","ポートレート教材:アストラ",0,,"",0,False
144,9,,,,,,,21,"ENpcBase#1038441","Level#9159882","ポートレート教材:アンブラ",0,,"",0,False
145,9,,,,,,,11,"コンフリクトの王者",,,0,,"",0,True
146,11,,,,,,,11,"コンフリクトの勇者",,,0,,"",0,True
147,11,,,,,,,11,"コンフリクトの入賞者",,,0,,"",0,True
148,11,,,,,,,13,"ENpcBase#1005417","Level#6245610",,0,,"",0,True
149,11,,,,,,,13,"ENpcBase#1005417","Level#6245610",,0,,"",0,True
150,11,,,,,,,13,"ENpcBase#1005417","Level#6245610",,0,,"",0,True
151,11,,,,,,,13,"ENpcBase#1005417","Level#6245610",,0,,"",0,True
152,11,,,,,,,13,"ENpcBase#1005417","Level#6245610",,0,,"",0,True
153,9,,,,,,,13,"ENpcBase#1005417","Level#6245610",,0,,"",0,True
154,2,,,,,,,9,,,,0,,"",0,False
155,2,,,,,,,10,,,,0,,"",0,False
156,1,"ナルザルの双剣",,,,,,2,"ナルザルの双剣",,,0,,,1,False
157,1,"宿縁を断ち切る日",,,,,,2,"宿縁を断ち切る日",,,0,,,2,False
158,1,"やっと、わかったよ",,,,,,2,"やっと、わかったよ",,,0,,,3,False
159,1,"拳の聖人",,,,,,2,"拳の聖人",,,0,,,4,False
160,1,"勇気の証明",,,,,,2,"勇気の証明",,,0,,,5,False
161,1,"手を伸ばす先の勝利",,,,,,2,"手を伸ばす先の勝利",,,0,,,6,False
162,1,"迷い無き瞳",,,,,,2,"迷い無き瞳",,,0,,,7,False
163,1,"臆病者の牙",,,,,,2,"臆病者の牙",,,0,,,8,False
164,1,"巴術最大級命題の証明",,,,,,2,"巴術最大級命題の証明",,,0,,,9,False
165,1,"自由騎士の誓約",,,,,,2,"自由騎士の誓約",,,0,,"",0,False
166,1,"でっかい夢",,,,,,2,"でっかい夢",,,0,,"",0,False
167,1,"死より冥き闇に",,,,,,2,"死より冥き闇に",,,0,,"",0,False
168,1,"ガンブレイカーへの誘い",,,,,,2,"ガンブレイカーへの誘い",,,0,,"",0,False
169,1,"偉人の後継者",,,,,,2,"偉人の後継者",,,0,,"",0,False
170,1,"学問ノススメ",,,,,,2,"学問ノススメ",,,0,,"",0,False
171,1,"天界への道",,,,,,2,"天界への道",,,0,,"",0,False
172,1,"賢者の誓い",,,,,,2,"賢者の誓い",,,0,,"",0,False
173,1,"亡国からの雷動",,,,,,2,"亡国からの雷動",,,0,,"",0,False
174,1,"竜の眼",,,,,,2,"竜の眼",,,0,,"",0,False
175,1,"月影の導き",,,,,,2,"月影の導き",,,0,,"",0,False
176,1,"侍への道",,,,,,2,"侍への道",,,0,,"",0,False
177,1,"リーパーたる者",,,,,,2,"リーパーたる者",,,0,,"",0,False
178,1,"響きあうふたつの音色",,,,,,2,"響きあうふたつの音色",,,0,,"",0,False
179,1,"工房の救世主",,,,,,2,"工房の救世主",,,0,,"",0,False
180,1,"踊り子の到来",,,,,,2,"踊り子の到来",,,0,,"",0,False
181,1,"声を聞きし者",,,,,,2,"声を聞きし者",,,0,,"",0,False
182,1,"業火の召喚獣",,,,,,2,"業火の召喚獣",,,0,,"",0,False
183,1,"赤魔道士への道",,,,,,2,"赤魔道士への道",,,0,,"",0,False
184,1,"青魔道士と名乗る男",,,,,,2,"青魔道士と名乗る男",,,0,,"",0,False
185,1,"かざすは騎士の聖剣",,,,,,2,"かざすは騎士の聖剣",,,0,,,21,False
186,1,"いちばんの戦士",,,,,,2,"いちばんの戦士",,,0,,,22,False
187,1,"だから僕は",,,,,,2,"だから僕は",,,0,,,23,False
188,1,"鎮撫の儀",,,,,,2,"鎮撫の儀",,,0,,,25,False
189,1,"次代の学者",,,,,,2,"次代の学者",,,0,,,26,False
190,1,"「槍」試練に備えよ",,,,,,2,"「槍」試練に備えよ",,,0,,,27,False
191,1,"廃王の帰還",,,,,,2,"廃王の帰還",,,0,,,29,False
192,1,"蒼の竜騎士",,,,,,2,"蒼の竜騎士",,,0,,,30,False
193,1,"雲晴れる夜に",,,,,,2,"雲晴れる夜に",,,0,,,31,False
194,1,"命の賛歌",,,,,,2,"命の賛歌",,,0,,,34,False
195,1,"名誉をかけた模擬戦",,,,,,2,"名誉をかけた模擬戦",,,0,,,35,False
196,1,"黒魔法の導き手",,,,,,2,"黒魔法の導き手",,,0,,,37,False
197,1,"邪道と正道",,,,,,2,"邪道と正道",,,0,,,38,False
198,1,"二代目マスク・ザ・ブルー",,,,,,2,"二代目マスク・ザ・ブルー",,,0,,,40,False
199,1,"志すは真の騎士",,,,,,2,"志すは真の騎士",,,0,,,21,False
200,1,"すべてを護る乱撃",,,,,,2,"すべてを護る乱撃",,,0,,,22,False
201,1,"そしてふたつの名は消える",,,,,,2,"そしてふたつの名は消える",,,0,,,23,False
202,1,"世界の癒し手",,,,,,2,"世界の癒し手",,,0,,,25,False
203,1,"次代の「海兵団」",,,,,,2,"次代の「海兵団」",,,0,,,26,False
204,1,"運命を切り拓く占星術師",,,,,,2,"運命を切り拓く占星術師",,,0,,,27,False
205,1,"力を統べる者、力を担う者",,,,,,2,"力を統べる者、力を担う者",,,0,,,29,False
206,1,"槍に誓う使命",,,,,,2,"槍に誓う使命",,,0,,,30,False
207,1,"融雪の雨に",,,,,,2,"融雪の雨に",,,0,,,31,False
208,1,"極悪人コガラシ",,,,,,2,"極悪人コガラシ",,,0,,,32,False
209,1,"終焉の戦歌",,,,,,2,"終焉の戦歌",,,0,,,34,False
210,1,"照準！ 俺たちの未来",,,,,,2,"照準！ 俺たちの未来",,,0,,,35,False
211,1,"破壊と癒し",,,,,,2,"破壊と癒し",,,0,,,37,False
212,1,"闇を打ち消す光を放たん",,,,,,2,"闇を打ち消す光を放たん",,,0,,,38,False
213,1,"抗いの果てに",,,,,,2,"抗いの果てに",,,0,,,39,False
214,1,"さらば、初代マスク・ザ・ブルー",,,,,,2,"さらば、初代マスク・ザ・ブルー",,,0,,,40,False
215,1,"さらなる剣術の高みへ",,,,,,2,"さらなる剣術の高みへ",,,0,,,21,False
216,1,"燃えよゴージ！",,,,,,2,"燃えよゴージ！",,,0,,,22,False
217,1,"あと一度、君に会えたら",,,,,,2,"あと一度、君に会えたら",,,0,,,23,False
218,1,"真のガンブレイカー",,,,,,2,"真のガンブレイカー",,,0,,,24,False
219,1,"角尊の宝物",,,,,,2,"角尊の宝物",,,0,,,25,False
220,1,"時をかける願い",,,,,,2,"時をかける願い",,,0,,,26,False
221,1,"天地習合",,,,,,2,"天地習合",,,0,,,27,False
222,1,"大切なものを守る力",,,,,,2,"大切なものを守る力",,,0,,,29,False
223,1,"紅の竜騎士",,,,,,2,"紅の竜騎士",,,0,,,30,False
224,1,"影隠忍法帖",,,,,,2,"影隠忍法帖",,,0,,,31,False
225,1,"ベッコウ島の決闘",,,,,,2,"ベッコウ島の決闘",,,0,,,32,False
226,1,"想い込められし歌",,,,,,2,"想い込められし歌",,,0,,,34,False
227,1,"我は銃士、友は騎士",,,,,,2,"我は銃士、友は騎士",,,0,,,35,False
228,1,"至上の舞を披露せよ",,,,,,2,"至上の舞を披露せよ",,,0,,,36,False
229,1,"記憶より託されし未来",,,,,,2,"記憶より託されし未来",,,0,,,37,False
230,1,"召喚士の使命",,,,,,2,"召喚士の使命",,,0,,,38,False
231,1,"抗う力",,,,,,2,"抗う力",,,0,,,39,False
232,1,"青魔法の未来",,,,,,2,"青魔法の未来",,,0,,,40,False
233,0,,,,,,,0,,,,0,,"",0,False
234,0,,,,,,,0,,,,0,,"",0,False
235,1,"いつか君が言った言葉",,,,,,2,"いつか君が言った言葉",,,0,,,0,False
236,1,"誇り高き追放者",,,,,,2,"誇り高き追放者",,,0,,,0,False
237,1,"不滅なる名コンビ",,,,,,2,"不滅なる名コンビ",,,0,,,0,False
238,1,"やっと、また会えたね",,,,,,2,"やっと、また会えたね",,,0,,,0,False
239,1,"開かれた道の先へ",,,,,,2,"開かれた道の先へ",,,0,,,0,False
240,1,"僕たちは還り、君を見送ろう",,,,,,2,"僕たちは還り、君を見送ろう",,,0,,,0,False
241,1,"融和への船出",,,,,,2,"融和への船出",,,0,,,0,False
242,1,"ドマの弔い",,,,,,2,"ドマの弔い",,,0,,,0,False
243,1,"蒼天を仰ぎ、歩み続ける",,,,,,2,"蒼天を仰ぎ、歩み続ける",,,0,,,0,False
244,1,"木工師ベアティヌ先生",,,,,,2,"木工師ベアティヌ先生",,,0,,"",0,False
245,1,"鍛冶師ブリサエル副社長",,,,,,2,"鍛冶師ブリサエル副社長",,,0,,"",0,False
246,1,"甲冑師ハ・ナンザ社長",,,,,,2,"甲冑師ハ・ナンザ社長",,,0,,"",0,False
247,1,"彫金少女セレンディピティー",,,,,,2,"彫金少女セレンディピティー",,,0,,"",0,False
248,1,"革細工師ゲヴァ親方",,,,,,2,"革細工師ゲヴァ親方",,,0,,"",0,False
249,1,"麗しの裁縫師レドレント・ローズ",,,,,,2,"麗しの裁縫師レドレント・ローズ",,,0,,"",0,False
250,1,"偏執の錬金術師セヴェリアン",,,,,,2,"偏執の錬金術師セヴェリアン",,,0,,"",0,False
251,1,"調理師リングサス総料理長",,,,,,2,"調理師リングサス総料理長",,,0,,"",0,False
252,1,"出藍の誉れ",,,,,,2,"出藍の誉れ",,,0,,,10,False
253,1,"想い乗せ羽ばたく剣",,,,,,2,"想い乗せ羽ばたく剣",,,0,,,11,False
254,1,"信念の甲冑師",,,,,,2,"信念の甲冑師",,,0,,,12,False
255,1,"源に通じる真珠",,,,,,2,"源に通じる真珠",,,0,,,13,False
256,1,"命輝く名品",,,,,,2,"命輝く名品",,,0,,,14,False
257,1,"恋愛戦士の戦闘服",,,,,,2,"恋愛戦士の戦闘服",,,0,,,15,False
258,1,"ひとときの奇跡",,,,,,2,"ひとときの奇跡",,,0,,,16,False
259,1,"食通ロロリトの逆襲",,,,,,2,"食通ロロリトの逆襲",,,0,,,17,False
260,1,"父と子の宿命",,,,,,2,"父と子の宿命",,,0,,,10,False
261,1,"名工と英雄",,,,,,2,"名工と英雄",,,0,,,11,False
262,1,"甲冑師たち",,,,,,2,"甲冑師たち",,,0,,,12,False
263,1,"絆むすぶもの",,,,,,2,"絆むすぶもの",,,0,,,13,False
264,1,"果てなき野心",,,,,,2,"果てなき野心",,,0,,,14,False
265,1,"戦場の勝負服",,,,,,2,"戦場の勝負服",,,0,,,15,False
266,1,"ココロココニアラズ",,,,,,2,"ココロココニアラズ",,,0,,,16,False
267,1,"もてなすレシピ",,,,,,2,"もてなすレシピ",,,0,,,17,False
268,1,"不肖、チェミ・ジンジャル！",,,,,,2,"不肖、チェミ・ジンジャル！",,,0,,,10,False
269,1,"直情娘、挑む",,,,,,2,"直情娘、挑む",,,0,,,11,False
270,1,"技術交流の果て",,,,,,2,"技術交流の果て",,,0,,,12,False
271,1,"夢見る女王陛下",,,,,,2,"夢見る女王陛下",,,0,,,13,False
272,1,"アテルーネの教育",,,,,,2,"アテルーネの教育",,,0,,,14,False
273,1,"天女がまとう「どれす」どす",,,,,,2,"天女がまとう「どれす」どす",,,0,,,15,False
274,1,"愛は悠久の向こうに",,,,,,2,"愛は悠久の向こうに",,,0,,,16,False
275,1,"繋がりのレシピ",,,,,,2,"繋がりのレシピ",,,0,,,17,False
276,1,"採掘師アダルベルタ女史",,,,,,2,"採掘師アダルベルタ女史",,,0,,"",0,False
277,1,"筆頭園芸師フフチャ",,,,,,2,"筆頭園芸師フフチャ",,,0,,"",0,False
278,1,"網元代行シシプ",,,,,,2,"網元代行シシプ",,,0,,"",0,False
279,1,"深淵に光差す日",,,,,,2,"深淵に光差す日",,,0,,,18,False
280,1,"森を育む者",,,,,,2,"森を育む者",,,0,,,19,False
281,1,"網倉危機一髪",,,,,,2,"網倉危機一髪",,,0,,,20,False
282,1,"救い、そして旅立ち",,,,,,2,"救い、そして旅立ち",,,0,,,18,False
283,1,"連載最終回「種は国境を越えて」",,,,,,2,"連載最終回「種は国境を越えて」",,,0,,,19,False
284,1,"釣り道楽、楽園に集う",,,,,,2,"釣り道楽、楽園に集う",,,0,,,20,False
285,1,"夢の証明、未来の形",,,,,,2,"夢の証明、未来の形",,,0,,,18,False
286,1,"彼女と菜園の旅路",,,,,,2,"彼女と菜園の旅路",,,0,,,19,False
287,1,"大漁の先にある大量",,,,,,2,"大漁の先にある大量",,,0,,,20,False
288,1,"黒鉄工房",,,,,,2,"黒鉄工房",,,0,,,0,False
289,1,"実録データ003「絆を修復せし職人」",,,,,,2,"実録データ003「絆を修復せし職人」",,,0,,,0,False
290,1,"古傷を癒して",,,,,,2,"古傷を癒して",,,0,,,0,False
291,1,"幻の生物シムーンの真相に迫る！",,,,,,2,"幻の生物シムーンの真相に迫る！",,,0,,,0,False
292,1,"水晶患いの治療法",,,,,,2,"水晶患いの治療法",,,0,,,0,False
293,1,"古き時代との対話",,,,,,2,"古き時代との対話",,,0,,,0,False
294,1,"約束の星",,,,,,2,"約束の星",,,0,,,0,False
295,1,"シャーレアンの食文化",,,,,,2,"シャーレアンの食文化",,,0,,,0,False
296,1,"今宵、魔法大学で",,,,,,2,"今宵、魔法大学で",,,0,,,0,False
297,1,"港の先の未来へ",,,,,,2,"港の先の未来へ",,,0,,,0,False
298,1,"ゴールドソーサーへようこそ！",,,,,,2,"ゴールドソーサーへようこそ！",,,0,,"",0,False
299,1,"カッパーベルで消える夢",,,,,,2,"カッパーベルで消える夢",,,0,,,41,False
300,1,"真に守りたいもの",,,,,,2,"真に守りたいもの",,,0,,,21,False
301,1,"戦士の帰還",,,,,,2,"戦士の帰還",,,0,,,22,False
302,1,"歩み続ける孤高の騎士へ",,,,,,2,"歩み続ける孤高の騎士へ",,,0,,,23,False
303,1,"もうひとりのガンブレイカー",,,,,,2,"もうひとりのガンブレイカー",,,0,,,24,False
304,1,"癒しの力の源",,,,,,2,"癒しの力の源",,,0,,,25,False
305,1,"新次元の学者",,,,,,2,"新次元の学者",,,0,,,26,False
306,1,"恋するレヴェヴァ",,,,,,2,"恋するレヴェヴァ",,,0,,,27,False
307,1,"人命は儚く、術のみちは永久に",,,,,,2,"人命は儚く、術のみちは永久に",,,0,,,28,False
308,1,"ラールガー星導教を継ぐ者として",,,,,,2,"ラールガー星導教を継ぐ者として",,,0,,,29,False
309,1,"漆黒の竜に捧ぐ",,,,,,2,"漆黒の竜に捧ぐ",,,0,,,30,False
310,1,"朧げな秘策",,,,,,2,"朧げな秘策",,,0,,,31,False
311,1,"世直しムソウサイ伝",,,,,,2,"世直しムソウサイ伝",,,0,,,32,False
312,1,"暗殺道",,,,,,2,"暗殺道",,,0,,,33,False
313,1,"蒼天に響く三重奏",,,,,,2,"蒼天に響く三重奏",,,0,,,34,False
314,1,"捕捉！ 機工士たちの明日",,,,,,2,"捕捉！ 機工士たちの明日",,,0,,,35,False
315,1,"新天地へと舞い挑め",,,,,,2,"新天地へと舞い挑め",,,0,,,36,False
316,1,"ラライの一念、岩をも通せ",,,,,,2,"ラライの一念、岩をも通せ",,,0,,,37,False
317,1,"二番目の召喚士",,,,,,2,"二番目の召喚士",,,0,,,38,False
318,1,"その志、剣を通じて受け継がれん",,,,,,2,"その志、剣を通じて受け継がれん",,,0,,,39,False
319,4,,,,,,,3,,,,0,,,63,False
320,4,,,,,,,3,,,,0,,,63,False
321,4,,,,,,,3,,,,0,,,64,False
322,4,,,,,,,3,,,,0,,,65,False
323,9,,,,,,,11,"コンフリクトの王者：シーズン2",,,0,,"",0,True
324,11,,,,,,,11,"コンフリクトの勇者：シーズン2",,,0,,"",0,True
325,11,,,,,,,11,"コンフリクトの入賞者：シーズン2",,,0,,"",0,True
326,11,,,,,,,13,"ENpcBase#1005417","Level#6245610",,0,,"",0,True
327,11,,,,,,,13,"ENpcBase#1005417","Level#6245610",,0,,"",0,True
328,11,,,,,,,13,"ENpcBase#1005417","Level#6245610",,0,,"",0,True
329,11,,,,,,,13,"ENpcBase#1005417","Level#6245610",,0,,"",0,True
330,11,,,,,,,13,"ENpcBase#1005417","Level#6245610",,0,,"",0,True
331,9,,,,,,,13,"ENpcBase#1005417","Level#6245610",,0,,"",0,True
332,9,,,,,,,11,"コンフリクトの王者：シーズン3",,,0,,"",0,True
333,11,,,,,,,11,"コンフリクトの勇者：シーズン3",,,0,,"",0,True
334,11,,,,,,,11,"コンフリクトの入賞者：シーズン3",,,0,,"",0,True
335,11,,,,,,,13,"ENpcBase#1005417","Level#6245610",,0,,"",0,True
336,11,,,,,,,13,"ENpcBase#1005417","Level#6245610",,0,,"",0,True
337,11,,,,,,,13,"ENpcBase#1005417","Level#6245610",,0,,"",0,True
338,11,,,,,,,13,"ENpcBase#1005417","Level#6245610",,0,,"",0,True
339,11,,,,,,,13,"ENpcBase#1005417","Level#6245610",,0,,"",0,True
340,9,,,,,,,13,"ENpcBase#1005417","Level#6245610",,0,,"",0,True
341,9,,,,,,,21,"ENpcBase#1038441","Level#9159882","ポートレート教材:ブルー",0,,"",0,False
342,9,,,,,,,21,"ENpcBase#1038441","Level#9159882","ポートレート教材:レッド",0,,"",0,False
343,9,,,,,,,24,,,,0,,,55,False
344,9,,,,,,,17,,,,0,,,50,False
345,5,"観戦する",,,,,,21,"ENpcBase#1038441","Level#9159882","演技教本:観戦する",0,,"",0,False
346,1,"英雄の卵",,,,,,2,"英雄の卵",,,0,,,41,False
347,2,,,,,,,15,,,,0,,,34,False
348,6,"マメット001",,,,,,30,,,,0,,"",0,False
349,6,"チョコチョコボ",,,,,,30,,,,0,,"",0,False
350,6,"タイニーボム",,,,,,30,,,,0,,"",0,False
351,6,"ベビーモス",,,,,,12,"ベビーモス",,,0,,"",0,False
352,6,"モルボルバルブ",,,,,,31,,,,0,,"「槍術士」のクラスクエスト進行で利用条件開放",66,False
353,6,"ダストバニー",,,,,,29,,,,0,,"",0,False
354,6,"ミニテンダー",,,,,,2,"悲しみのゾンビー",,,0,,,51,False
355,6,"スモールシェル",,,,,,7,"スモールシェル",,,0,,"",0,False
356,6,"グゥーブー・スプラウト",,,,,,2,"人の命運、ワインの運命",,,0,,,41,False
357,6,"デモンズブロック",,,,,,31,,,,0,,"「革細工師」のクラスクエスト進行で利用条件開放",66,False
358,6,"マメット・カーソル",,,,,,28,,,,0,,"",0,False
359,6,"マメット・キキルン",,,,,,45,,,,0,,"",0,False
360,6,"ウルフ・パップ",,,,,,2,"幼い狼犬を救え",,,0,,,51,False
361,6,"タイニークァール",,,,,,2,"魔獣が守ったもの",,,0,,,51,False
362,6,"マメット・トンベリ",,,,,,43,,,,0,,"",0,False
363,6,"マメット・ブルーム",,,,,,45,,,,0,,"",0,False
364,6,"マメット・モーグリ",,,,,,12,"マメット・モーグリ",,,0,,"",0,False
365,6,"ナッツイーター",,,,,,43,,,,0,,"",0,False
366,6,"ファットキャット",,,,,,44,,,,0,,"",0,False
367,6,"カッパッパ",,,,,,16,,,,0,,,51,False
368,6,"追従システム",,,,,,2,"博物戦艦 フラクタル・コンティニアム",,,0,,,52,False
369,6,"パイッサ・ブラット",,,,,,18,,,,0,,,52,False
370,6,"コロコロポックル",,,,,,31,,,,0,,"「新生エオルゼア」のメインクエスト進行で利用条件開放",67,False
371,6,"ウソウソ",,,,,,44,,,,0,,"",0,False
372,6,"マメット・ナマズオ",,,,,,43,,,,0,,"",0,False
373,6,"マメット・クロ",,,,,,42,,,,0,,,52,False
374,6,"豆柴",,,,,,44,,,,0,,"",0,False
375,6,"ロンカの水蛇？",,,,,,2," ロンカの守護者たち",,,0,,,54,False
376,6,"ジャイアントビーバー",,,,,,4,"ジャイアントビーバー","Level#7989343","ジャイアントビーバー",0,,,54,False
377,6,"コマンダー・シャーク",,,,,,11,"オーシャンフィッシャー：ランク1",,,0,,,51,False
378,6,"マメット・ケットシー",,,,,,12,"マメット・ケットシー",,,0,,"",0,True
379,6,"ブルーバード",,,,,,43,,,,0,,"",0,False
380,6,"タイニードードー",,,,,,29,,,,0,,"",0,False
381,6,"タイニーアプカル",,,,,,11,"熟練の探検家",,,0,,,51,False
382,6,"タイニーラム",,,,,,6,"タイニーラム",,,0,,"",0,False
383,6,"ミニマンドラゴラ",,,,,,7,"ミニマンドラゴラ",,,0,,"",0,False
384,6,"アントーキング・コリブリ",,,,,,31,,,,0,,"「賢者」のジョブクエスト進行で利用条件開放",66,False
385,6,"マメット・サキュバス",,,,,,7,"マメット・サキュバス",,,0,,"",0,False
386,6,"マメット・ギルガメッシュ",,,,,,28,,,,0,,"",0,False
387,6,"オニオンプリンス",,,,,,7,"オニオンプリンス",,,0,,"",0,False
388,6,"エッグナイト",,,,,,7,"エッグナイト",,,0,,"",0,False
389,6,"ガーリックスター",,,,,,7,"ガーリックスター",,,0,,"",0,False
390,6,"キングトマト",,,,,,7,"キングトマト",,,0,,"",0,False
391,6,"マンドラクイーン",,,,,,7,"マンドラクイーン",,,0,,"",0,False
392,6,"マメット・オルトロス",,,,,,33,,,,0,,,71,False
393,6,"エンキドゥ",,,,,,33,,,,0,,,71,False
394,6,"ミニマムアトモス",,,,,,45,,,,0,,"",0,False
395,6,"ゲイラキトン",,,,,,31,,,,0,,"「黒魔道士」のジョブクエスト進行で利用条件開放",67,False
396,6,"レッサーパンダ",,,,,,31,,,,0,,"「赤魔道士」のジョブクエスト進行で利用条件開放",67,False
397,6,"プリンスペンギン",,,,,,11,"盤上の軍略家：ランク1",,,0,,,51,False
398,6,"ポーキー",,,,,,16,,,,0,,,51,False
399,6,"うり坊",,,,,,31,,,,0,,"「新生エオルゼア」の友好部族クエスト進行で利用条件開放",67,False
400,6,"タビスズメ",,,,,,31,,,,0,,"「紅蓮のリベレーター」のサブクエスト進行で利用条件開放",68,False
401,6,"マメットキメラ",,,,,,45,,,,0,,"",0,False
402,6,"コユキンコ",,,,,,7,"コユキンコ",,,0,,,53,False
403,6,"豆妖狐",,,,,,27,,,,0,,,43,False
404,6,"ハシビロコウ",,,,,,31,,,,0,,"「蒼天のイシュガルド」の指定のダンジョン攻略で利用条件開放",69,False
405,6,"ポークシー・ビッツ",,,,,,44,,,,0,,"",0,False
406,6,"サンドフォックス",,,,,,26,,,,0,,,54,False
407,6,"モモラ・モラ！！！",,,,,,11,"世界を釣る者：ランク4",,,0,,,51,False
408,5,"リンクパール通信",,,,,,14,,,,0,,"",0,True
409,9,,,,,,,11,"コンフリクトの王者：シーズン4",,,0,,"",0,True
410,11,,,,,,,11,"コンフリクトの勇者：シーズン4",,,0,,"",0,True
411,11,,,,,,,11,"コンフリクトの入賞者：シーズン4",,,0,,"",0,True
412,9,,,,,,,13,"ENpcBase#1005417","Level#6245610",,0,,"",0,True
413,11,,,,,,,13,"ENpcBase#1005417","Level#6245610",,0,,"",0,True
414,11,,,,,,,13,"ENpcBase#1005417","Level#6245610",,0,,"",0,True
415,11,,,,,,,13,"ENpcBase#1005417","Level#6245610",,0,,"",0,True
416,11,,,,,,,13,"ENpcBase#1005417","Level#6245610",,0,,"",0,True
417,11,,,,,,,13,"ENpcBase#1005417","Level#6245610",,0,,"",0,True
418,9,,,,,,,11,"コンフリクトの王者：シーズン5",,,0,,"",0,True
419,11,,,,,,,11,"コンフリクトの勇者：シーズン5",,,0,,"",0,True
420,11,,,,,,,11,"コンフリクトの入賞者：シーズン5",,,0,,"",0,True
421,9,,,,,,,13,"ENpcBase#1005417","Level#6245610",,0,,"",0,True
422,11,,,,,,,13,"ENpcBase#1005417","Level#6245610",,0,,"",0,True
423,11,,,,,,,13,"ENpcBase#1005417","Level#6245610",,0,,"",0,True
424,11,,,,,,,13,"ENpcBase#1005417","Level#6245610",,0,,"",0,True
425,11,,,,,,,13,"ENpcBase#1005417","Level#6245610",,0,,"",0,True
426,11,,,,,,,13,"ENpcBase#1005417","Level#6245610",,0,,"",0,True
427,9,,,,,,,14,,,,0,,"",0,True
428,9,,,,,,,14,,,,0,,"",0,True
429,9,,,,,,,17,,,,0,,,49,False
430,9,,,,,,,17,,,,0,,,49,False
431,9,,,,,,,17,,,,0,,,49,False
432,9,,,,,,,17,,,,0,,,50,False
433,9,,,,,,,17,,,,0,,,50,False
434,4,,,,,,,3,,,,0,,,65,False
435,6,"ポチャチョコボ",,,,,,16,,,,0,,,51,False
436,6,"ミニスライム",,,,,,31,,,,0,,"「採掘師」のクラスクエスト進行で利用条件開放",66,False
437,6,"ベイビーオポオポ",,,,,,31,,,,0,,"「漁師」のクラスクエスト進行で利用条件開放",66,False
438,6,"リトルフット",,,,,,44,,,,0,,"",0,False
439,6,"シャローアイ",,,,,,11,"ロード・オブ・ヴァーミニオン：ランク2",,,0,,,51,False
440,6,"モルフォ",,,,,,31,,,,0,,"「蒼天のイシュガルド」のメインクエスト進行で利用条件開放",67,False
441,6,"ポロ・ロッゴ",,,,,,2,"星の呼び声",,,0,,,42,False
442,6,"ドリッピー",,,,,,31,,,,0,,"「新生エオルゼア」のクロニクルクエスト進行で利用条件開放",69,False
443,6,"ブンブク",,,,,,44,,,,0,,"",0,False
444,6,"ヘッジホッグ",,,,,,43,,,,0,,"",0,False
445,6,"モモンガ",,,,,,26,,,,0,,,54,False
446,6,"ギード",,,,,,31,,,,0,,"「蒼天のイシュガルド」のサブクエスト進行で利用条件開放",68,False
447,6,"ゴマ塩アザラシ",,,,,,31,,,,0,,"",68,False
448,6,"ウーパールーパー",,,,,,44,,,,0,,"",0,False
449,6,"タイニーダックビル",,,,,,22,,,,0,,,54,False
450,6,"アグリー・ダックリング",,,,,,31,,,,0,,"「リーパー」のジョブクエスト進行で利用条件開放",67,False
451,6,"白小虎",,,,,,45,,,,0,,"",0,False
452,6,"朱孔雀",,,,,,45,,,,0,,"",0,False
453,6,"青帝",,,,,,45,,,,0,,"",0,False
454,6,"マメット・ヤ・シュトラ",,,,,,12,"マメット・ヤ・シュトラ",,,0,,,41,False
455,6,"マメット・ミンフィリア",,,,,,6,"マメット・ミンフィリア",,,0,,,41,False
456,6,"マメット・サンクレッド",,,,,,6,"マメット・サンクレッド",,,0,,,41,False
457,6,"マメット・イダ",,,,,,12,"マメット・イダ",,,0,,,41,False
458,6,"マメット・パパリモ",,,,,,12,"マメット・パパリモ",,,0,,,41,False
459,6,"マメット・ウリエンジェ",,,,,,12,"マメット・ウリエンジェ",,,0,,,41,False
460,6,"マメット・アルフィノ",,,,,,2,"イゼルを探して",,,0,,,42,False
461,6,"マメット・アリゼー",,,,,,12,"マメット・アリゼー",,,0,,,41,False
462,6,"マメット・タタル",,,,,,12,"マメット・タタル",,,0,,,41,False
463,6,"マメット・シド",,,,,,2,"北方より来たりし者",,,0,,,42,False
464,6,"こねこみみさん",,,,,,25,,,,0,,,55,False
465,9,,,,,,,47,,,,3176,,,55,False
466,9,,,,,,,47,,,,3178,,,55,False
467,1,"ただ、春の夜の夢のごとし",,,,,,2,"ただ、春の夜の夢のごとし",,,0,,,78,False
468,9,,,,,,,25,,,,0,,,55,False
469,9,,,,,,,25,,,,0,,,55,False
470,5,"おみみピコピコ",,,,,,2," 終わらない、ドリーミング！",,,0,,,50,False
471,5,"胸に手をあてる",,,,,,14,,,,0,,"",0,True
472,6,"スポンジシルキー",,,,,,34,,,,0,,,55,False
473,6,"チワワン",,,,,,44,,,,0,,"",0,False
474,6,"もちもちゲイラキャット",,,,,,7,"もちもちゲイラキャット",,,0,,"",0,False
475,6,"ナナッコ・ベアー",,,,,,45,,,,0,,"",0,False
476,6,"黒柴",,,,,,31,,,,0,,"「蒼天のイシュガルド」の指定の討伐・討滅戦攻略で利用条件開放",69,False
477,6,"子コアラ",,,,,,44,,,,0,,"",0,False
478,6,"カピバラ・パップ",,,,,,43,,,,0,,"",0,False
479,6,"フラッグ",,,,,,44,,,,0,,"",0,False
480,6,"コーギー",,,,,,26,,,,0,,,54,False
481,6,"シマエナガ",,,,,,7,"シマエナガ",,,0,,"",0,False
482,6,"グリーングリーナー",,,,,,44,,,,0,,"",0,False
483,6,"マメット・アルカソーダラ",,,,,,17,,,,0,,,50,False
484,6,"マメット・グレビュオフ",,,,,,44,,,,0,,"",0,False
485,6,"ファインディングウェイ",,,,,,17,,,,0,,,50,False
486,6,"オプティマス・オミクロン",,,,,,31,,,,0,,"「漆黒のヴィランズ」のクロニクルクエスト進行で利用条件開放",70,False
487,6,"マメット・オメガM",,,,,,42,,,,0,,,52,False
488,6,"マメット・オメガF",,,,,,42,,,,0,,,52,False
489,6,"プチオメガ",,,,,,32,,,,0,,,104,False
490,6,"マメット・アルファ",,,,,,2,"翼に夢を",,,0,,,53,False
491,6,"マメット・クルル",,,,,,6,"マメット・クルル",,,0,,"",0,False
492,6,"マメット・ムーンブリダ",,,,,,2,"魂を継ぐ者",,,0,,,42,False
493,6,"マメット・ヒルディ",,,,,,2,"事件は砂塵に消ゆ",,,0,,,51,False
494,6,"マメット・ナナモ",,,,,,28,,,,0,,"",0,False
495,6,"マメット・オルシュファン",,,,,,2,"光と闇の境界",,,0,,,42,False
496,6,"マメット・アイメリク",,,,,,2,"最期の咆哮",,,0,,,42,False
497,6,"マメット・エスティニアン",,,,,,42,,,,0,,,52,False
498,6,"マメット・ネロ",,,,,,16,,,,0,,,51,False
499,6,"マメット・リーダー",,,,,,28,,,,0,,"",0,False
500,6,"マメット・リーダー",,,,,,28,,,,0,,"",0,False
501,6,"マメット・リーダー",,,,,,28,,,,0,,"",0,False
502,9,,,,,,,11,"コンフリクトの王者：シーズン6",,,0,,"",0,True
503,11,,,,,,,11,"コンフリクトの勇者：シーズン6",,,0,,"",0,True
504,11,,,,,,,11,"コンフリクトの入賞者：シーズン6",,,0,,"",0,True
505,9,,,,,,,13,"ENpcBase#1005417","Level#6245610",,0,,"",0,True
506,11,,,,,,,13,"ENpcBase#1005417","Level#6245610",,0,,"",0,True
507,11,,,,,,,13,"ENpcBase#1005417","Level#6245610",,0,,"",0,True
508,11,,,,,,,13,"ENpcBase#1005417","Level#6245610",,0,,"",0,True
509,11,,,,,,,13,"ENpcBase#1005417","Level#6245610",,0,,"",0,True
510,11,,,,,,,13,"ENpcBase#1005417","Level#6245610",,0,,"",0,True
511,9,,,,,,,11,"コンフリクトの王者：シーズン7",,,0,,"",0,True
512,11,,,,,,,11,"コンフリクトの勇者：シーズン7",,,0,,"",0,True
513,11,,,,,,,11,"コンフリクトの入賞者：シーズン7",,,0,,"",0,True
514,9,,,,,,,13,"ENpcBase#1005417","Level#6245610",,0,,"",0,True
515,11,,,,,,,13,"ENpcBase#1005417","Level#6245610",,0,,"",0,True
516,11,,,,,,,13,"ENpcBase#1005417","Level#6245610",,0,,"",0,True
517,11,,,,,,,13,"ENpcBase#1005417","Level#6245610",,0,,"",0,True
518,11,,,,,,,13,"ENpcBase#1005417","Level#6245610",,0,,"",0,True
519,11,,,,,,,13,"ENpcBase#1005417","Level#6245610",,0,,"",0,True
520,9,,,,,,,14,,,,0,,"",0,True
521,9,,,,,,,14,,,,0,,"",0,True
522,9,,,,,,,19,,,,0,,,40,False
523,9,,,,,,,35,,,,0,,"",0,True
524,9,,,,,,,17,,,,0,,,48,False
525,9,,,,,,,17,,,,0,,,48,False
526,9,,,,,,,17,,,,0,,,48,False
527,9,,,,,,,2," 希望が届けた未来",,,0,,,51,True
528,9,,,,,,,24,,,,0,,,55,False
529,9,,,,,,,36,,,,2758,,,51,False
530,9,,,,,,,36,,,,2245,,,20,False
531,9,,,,,,,36,,,,2181,,,51,False
532,5,"文献と見比べる",,,,,,24,,,,0,,,55,False
533,5,"うなだれる",,,,,,14,,,,0,,"",0,True
534,6,"プライベート・パキポディウム",,,,,,7,"プライベート・パキポディウム",,,0,,"",0,False
535,6,"忍犬シロマル",,,,,,34,,,,0,,,55,False
536,6,"忍犬クロマル",,,,,,34,,,,0,,,55,False
537,6,"ミニモアイ",,,,,,45,,,,0,,"",0,False
538,6,"マメット・アーゼマ",,,,,,32,,,,0,,,85,False
539,6,"マメット・ハルオーネ",,,,,,32,,,,0,,,85,False
540,6,"マメット・オシュオン",,,,,,32,,,,0,,,85,False
541,6,"グラベルゴーレム",,,,,,45,,,,0,,"",0,False
542,6,"リトルマミー",,,,,,31,,,,0,,"「学者」のジョブクエスト進行で利用条件開放",66,False
543,6,"フェンリル・パップ",,,,,,40,,,,0,,"",0,False
544,6,"プチリャナンシー",,,,,,31,,,,0,,"「紅蓮のリベレーター」の指定の討伐・討滅戦攻略で利用条件開放",69,False
545,6,"ドワーフラビット",,,,,,43,,,,0,,"",0,False
546,6,"ミーアキャット",,,,,,7,"ミーアキャット",,,0,,"",0,False
547,6,"アサシンフライ",,,,,,7,"アサシンフライ",,,0,,"",0,False
548,6,"オウレット",,,,,,31,,,,0,,"「機工士」のジョブクエスト進行で利用条件開放",67,False
549,6,"ハンティング・ホーク",,,,,,18,,,,0,,,52,False
550,6,"青足のカツォ",,,,,,44,,,,0,,"",0,False
551,6,"ニュー・ヤ・シュトラ",,,,,,12,"ニュー・ヤ・シュトラ",,,0,,"",0,False
552,6,"ニュー・サンクレッド",,,,,,42,,,,0,,,52,False
553,6,"マメット・ルイゾワ",,,,,,11,"終わりの大迷宮を制覇せし者：ランク1",,,0,,,76,False
554,6,"ニュー・アリゼー",,,,,,42,,,,0,,,52,False
555,6,"マメット・ゴッドベルト",,,,,,6,"マメット・ゴッドベルト",,,0,,"",0,True
556,6,"マメット・イゼル",,,,,,12,"マメット・イゼル",,,0,,"",0,False
557,6,"マメット・ユウギリ",,,,,,12,"マメット・ユウギリ",,,0,,"",0,False
558,6,"マメット・エッダ",,,,,,7,"マメット・エッダ",,,0,,,52,False
559,6,"マメット・シロ",,,,,,42,,,,0,,,52,False
560,6,"マメット・グ・ラハ",,,,,,2,"漆黒のヴィランズ",,,0,,,44,False
561,6,"ミドガルズオルム",,,,,,2,"黙約の塔へ",,,0,,,41,False
562,6,"マメット・フレースヴェルグ",,,,,,12,"マメット・フレースヴェルグ",,,0,,"",0,True
563,6,"マメット・ニーズヘッグ",,,,,,12,"マメット・ニーズヘッグ",,,0,,"",0,True
564,6,"ジェリービーンズ・ピンク",,,,,,4,"MGF交換窓口","Level#10215752","ジェリービーンズ・ピンク",0,,,51,True
565,6,"ペグウィン",,,,,,4,"MGF交換窓口","Level#10215752","ペグウィン",0,,,51,True
566,6,"トルガル・パピー",,,,,,2,"炎影の旅路",,,0,,,51,True
567,9,,,,,,,17,,,,0,,,47,False
568,9,,,,,,,17,,,,0,,,47,False
569,9,,,,,,,17,,,,0,,,47,False
570,9,,,,,,,42,,,,0,,,52,False
571,9,,,,,,,26,,,,0,,,54,False
572,9,,,,,,,2,"神々に愛されし地、エオルゼア",,,0,,,80,False
573,9,,,,,,,2,"大繁盛の輪よ、永遠に",,,0,,,55,False
574,9,,,,,,,24,,,,0,,,55,False
575,9,,,,,,,4,"MGF交換窓口","Level#10215752","ポートレート教材:ブランダーヴィル1",0,,,51,True
576,9,,,,,,,4,"MGF交換窓口","Level#10215752","ポートレート教材:ブランダーヴィル2",0,,,51,True
577,9,,,,,,,4,"MGF交換窓口","Level#10215752","ポートレート教材:ブランダーヴィル3",0,,,51,True
578,9,,,,,,,14,,,,0,,"",0,True
579,9,,,,,,,14,,,,0,,"",0,True
580,9,,,,,,,11,"コンフリクトの王者：シーズン8",,,0,,"",0,True
581,11,,,,,,,11,"コンフリクトの勇者：シーズン8",,,0,,"",0,True
582,11,,,,,,,11,"コンフリクトの入賞者：シーズン8",,,0,,"",0,True
583,9,,,,,,,13,"ENpcBase#1005417","Level#6245610",,0,,"",0,True
584,11,,,,,,,13,"ENpcBase#1005417","Level#6245610",,0,,"",0,True
585,11,,,,,,,13,"ENpcBase#1005417","Level#6245610",,0,,"",0,True
586,11,,,,,,,13,"ENpcBase#1005417","Level#6245610",,0,,"",0,True
587,11,,,,,,,13,"ENpcBase#1005417","Level#6245610",,0,,"",0,True
588,11,,,,,,,13,"ENpcBase#1005417","Level#6245610",,0,,"",0,True
589,9,,,,,,,11,"コンフリクトの王者：シーズン9",,,0,,"",0,True
590,11,,,,,,,11,"コンフリクトの勇者：シーズン9",,,0,,"",0,True
591,11,,,,,,,11,"コンフリクトの入賞者：シーズン9",,,0,,"",0,True
592,9,,,,,,,13,"ENpcBase#1005417","Level#6245610",,0,,"",0,True
593,11,,,,,,,13,"ENpcBase#1005417","Level#6245610",,0,,"",0,True
594,11,,,,,,,13,"ENpcBase#1005417","Level#6245610",,0,,"",0,True
595,11,,,,,,,13,"ENpcBase#1005417","Level#6245610",,0,,"",0,True
596,11,,,,,,,13,"ENpcBase#1005417","Level#6245610",,0,,"",0,True
597,11,,,,,,,13,"ENpcBase#1005417","Level#6245610",,0,,"",0,True
598,9,,,,,,,11,"コンフリクトの王者：シーズン10",,,0,,"",0,True
599,11,,,,,,,11,"コンフリクトの勇者：シーズン10",,,0,,"",0,True
600,11,,,,,,,11,"コンフリクトの入賞者：シーズン10",,,0,,"",0,True
601,9,,,,,,,13,"ENpcBase#1005417","Level#6245610",,0,,"",0,True
602,11,,,,,,,13,"ENpcBase#1005417","Level#6245610",,0,,"",0,True
603,11,,,,,,,13,"ENpcBase#1005417","Level#6245610",,0,,"",0,True
604,11,,,,,,,13,"ENpcBase#1005417","Level#6245610",,0,,"",0,True
605,11,,,,,,,13,"ENpcBase#1005417","Level#6245610",,0,,"",0,True
606,11,,,,,,,13,"ENpcBase#1005417","Level#6245610",,0,,"",0,True
607,9,,,,,,,37,,,,0,,"",0,True
608,0,,,,,,,0,,,,0,,"",0,False
609,0,,,,,,,0,,,,0,,"",0,False
610,0,,,,,,,0,,,,0,,"",0,False
611,0,,,,,,,0,,,,0,,"",0,False
612,0,,,,,,,0,,,,0,,"",0,False
613,0,,,,,,,0,,,,0,,"",0,False
614,0,,,,,,,0,,,,0,,"",0,False
615,0,,,,,,,0,,,,0,,"",0,False
616,0,,,,,,,0,,,,0,,"",0,False
617,0,,,,,,,0,,,,0,,"",0,False
618,0,,,,,,,0,,,,0,,"",0,False
619,0,,,,,,,0,,,,0,,"",0,False
620,0,,,,,,,0,,,,0,,"",0,False
621,0,,,,,,,0,,,,0,,"",0,False
622,0,,,,,,,0,,,,0,,"",0,False
623,0,,,,,,,0,,,,0,,"",0,False
624,0,,,,,,,0,,,,0,,"",0,False
625,0,,,,,,,0,,,,0,,"",0,False
626,0,,,,,,,0,,,,0,,"",0,False
627,5,"ヴァレンティオンチョコを食べる",,,,,,6,"演技教本:ヴァレンティオンチョコを食べる",,,0,,"",0,False
628,5,"反骨精神を示す",,,,,,12,"演技教本:反骨精神を示す",,,0,,"",0,False
629,5,"目を輝かせる",,,,,,24,,,,0,,,55,False
630,5,"パンプキンクッキーを食べる",,,,,,6,"演技教本:パンプキンクッキーを食べる",,,0,,"",0,False
631,5,"姫の舞踊",,,,,,6,"演技教本:姫の舞踊",,,0,,"",0,False
632,5,"驚かす",,,,,,6,"演技教本:驚かす",,,0,,"",0,False
633,5,"ハッピージャンプ1",,,,,,12,"演技教本:ハッピージャンプ",,,0,,"",0,False
634,5,"ハッピージャンプ2",,,,,,12,"演技教本:ハッピージャンプ",,,0,,"",0,False
635,5,"ハッピージャンプ3",,,,,,12,"演技教本:ハッピージャンプ",,,0,,"",0,False
636,5,"ハッピージャンプ4",,,,,,12,"演技教本:ハッピージャンプ",,,0,,"",0,False
637,5,"ハッピージャンプ5",,,,,,12,"演技教本:ハッピージャンプ",,,0,,"",0,False
638,5,"レポリットダンス",,,,,,2,"宇宙の果てで最高のレースを！",,,0,,,50,False
639,5,"フライドチキンを食べる",,,,,,12,"演技教本:フライドチキンを食べる",,,0,,"",0,True
640,5,"ハートポーズ",,,,,,2,"ヴァレンティオンデーにハートを込めて",,,0,,"",0,True
641,5,"自慢げなポーズ",,,,,,24,,,,0,,,55,False
642,5,"ビーンズ・ビクトリー",,,,,,4,"MGF交換窓口","Level#10215752","演技教本:ビーンズ・ビクトリー",0,,,51,True
643,6,"レプル",,,,,,34,,,,0,,,55,False
644,6,"オーロサパ",,,,,,34,,,,0,,,55,False
645,6,"コブランラーヴァ",,,,,,7,"コブランラーヴァ",,,0,,"",0,False
646,6,"シドニア・ストロールズ",,,,,,26,,,,0,,,54,False
647,6,"マメット・コヨコヨ",,,,,,2,"のうてんきな一家",,,0,,,55,False
648,6,"パフィン",,,,,,31,,,,0,,"「黄金のレガシー」のサブクエスト進行で利用条件開放",70,False
649,6,"チンパンジー",,,,,,26,,,,0,,,54,False
650,6,"タイニースクウィレル",,,,,,7,"タイニースクウィレル",,,0,,"",0,False
651,6,"ベイビーファンガー",,,,,,7,"ベイビーファンガー",,,0,,"",0,False
652,6,"チゴーラーヴァ",,,,,,2,"遺跡調査の落とし穴",,,0,,,51,False
653,6,"ブラッククァール",,,,,,16,,,,0,,,51,False
654,6,"ベイビーラプトル",,,,,,7,"ベイビーラプトル",,,0,,"",0,False
655,6,"カインドフレア",,,,,,44,,,,0,,"",0,False
656,6,"ユニコルト",,,,,,31,,,,0,,"「吟遊詩人」のジョブクエスト進行で利用条件開放",67,False
657,6,"ガストラ",,,,,,44,,,,0,,"",0,False
658,6,"マメット・リセ",,,,,,6,"マメット・リセ",,,0,,,43,False
659,6,"マメット・ヒエン",,,,,,42,,,,0,,,52,False
660,6,"ニュー・ユウギリ",,,,,,6,"ニュー・ユウギリ",,,0,,,43,False
661,6,"マメット・ゴウセツ",,,,,,6,"マメット・ゴウセツ",,,0,,,43,False
662,6,"マメット・ヨツユ",,,,,,12,"マメット・ヨツユ",,,0,,"",0,True
663,6,"マメット・グリーンワート",,,,,,31,,,,0,,"「漆黒のヴィランズ」のサブクエスト進行で利用条件開放",68,False
664,6,"ニュー・ラウバーン",,,,,,2,"英雄の帰還",,,0,,,43,False
665,6,"マメット・マグナイ",,,,,,45,,,,0,,,43,False
666,6,"マメット・シリナ",,,,,,6,"マメット・シリナ",,,0,,,43,False
667,6,"マメット・サドゥ",,,,,,45,,,,0,,,43,False
668,6,"ニュー・タタル",,,,,,12,"ニュー・タタル",,,0,,"",0,True
669,6,"からくり朱雀",,,,,,12,"からくり朱雀",,,0,,"",0,True
670,6,"ファースト・ヤ・シュトラ",,,,,,6,"ファースト・ヤ・シュトラ",,,0,,,44,False
671,6,"ニュー・ウリエンジェ",,,,,,42,,,,0,,,52,False
672,6,"ニュー・エスティニアン",,,,,,18,,,,0,,,52,False
673,6,"マメット・ライナ",,,,,,12,"マメット・ライナ",,,0,,"",0,True
674,6,"マメット・ルナル",,,,,,12,"マメット・ルナル",,,0,,"",0,True
675,6,"マメット・ドゥリア",,,,,,12,"マメット・ドゥリア",,,0,,"",0,True
676,6,"マメット・リーン",,,,,,32,,,,0,,,105,False
677,6,"マメット・ガイア",,,,,,32,,,,0,,,105,False
678,6,"マメット・ミステル",,,,,,2,"君を明日へと導くは",,,0,,,44,False
679,6,"マメット・アルバート",,,,,,6,"マメット・アルバート",,,0,,,44,False
680,6,"クロックワーク・ソル",,,,,,6,"クロックワーク・ソル",,,0,,,44,False
681,9,,,,,,,21,"ENpcBase#1038441","Level#9159882","ポートレート教材:ヴァイパー",0,,"",0,False
682,9,,,,,,,21,"ENpcBase#1038441","Level#9159882","ポートレート教材:ピクトマンサー",0,,"",0,False
683,9,,,,,,,14,,,,0,,"",0,True
684,9,,,,,,,14,,,,0,,"",0,True
685,9,,,,,,,11,"コンフリクトの王者：シーズン11",,,0,,"",0,True
686,11,,,,,,,11,"コンフリクトの勇者：シーズン11",,,0,,"",0,True
687,11,,,,,,,11,"コンフリクトの入賞者：シーズン11",,,0,,"",0,True
688,9,,,,,,,13,"ENpcBase#1005417","Level#6245610",,0,,"",0,True
689,11,,,,,,,13,"ENpcBase#1005417","Level#6245610",,0,,"",0,True
690,11,,,,,,,13,"ENpcBase#1005417","Level#6245610",,0,,"",0,True
691,11,,,,,,,13,"ENpcBase#1005417","Level#6245610",,0,,"",0,True
692,11,,,,,,,13,"ENpcBase#1005417","Level#6245610",,0,,"",0,True
693,11,,,,,,,13,"ENpcBase#1005417","Level#6245610",,0,,"",0,True
694,9,,,,,,,17,,,,0,,,46,False
695,9,,,,,,,17,,,,0,,,46,False
696,9,,,,,,,17,,,,0,,,46,False
697,9,,,,,,,17,,,,0,,,46,False
698,9,,,,,,,17,,,,0,,,46,False
699,9,,,,,,,41,,,,0,,,88,False
700,9,,,,,,,41,,,,0,,,88,False
701,9,,,,,,,41,,,,0,,,88,False
702,9,,,,,,,41,,,,0,,,88,False
703,1,"ヴァイパーを称する男",,,,,,2,"ヴァイパーを称する男",,,0,,"",0,False
704,1,"ピクトマンサーの継承者",,,,,,2,"ピクトマンサーの継承者",,,0,,"",0,False
705,1,"トラルヴィドラールを狩る者",,,,,,2,"トラルヴィドラールを狩る者",,,0,,,86,False
706,1,"旅する画家は幻想を征く",,,,,,2,"旅する画家は幻想を征く",,,0,,,87,False
707,5,"猛き光の降臨",,,,,,12,"演技教本:猛き光の降臨",,,0,,"",0,False
708,0,,,,,,,0,,,,0,,"",0,False
709,0,,,,,,,0,,,,0,,"",0,False
710,0,,,,,,,0,,,,0,,"",0,False
711,0,,,,,,,0,,,,0,,"",0,False
712,0,,,,,,,0,,,,0,,"",0,False
713,0,,,,,,,0,,,,0,,"",0,False
714,0,,,,,,,0,,,,0,,"",0,False
715,0,,,,,,,0,,,,0,,"",0,False
716,0,,,,,,,0,,,,0,,"",0,False
717,0,,,,,,,0,,,,0,,"",0,False
718,0,,,,,,,0,,,,0,,"",0,False
719,0,,,,,,,0,,,,0,,"",0,False
720,5,"守護天節のおまじない",,,,,,6,"演技教本:守護天節のおまじない",,,0,,"",0,False
721,5,"大うちわで扇ぐ",,,,,,2,"紅蓮祭と緑のアイツ？",,,0,,"",0,True
722,5,"指示を待つ",,,,,,14,,,,0,,"",0,True
723,5,"水をまく",,,,,,28,,,,0,,"",0,False
724,5,"シェイカーを振る",,,,,,16,,,,0,,,51,False
725,5,"自由のポーズ",,,,,,2,"縛られざる者",,,0,,,101,False
726,5,"花束を贈る",,,,,,2,"ヴァレンティオンデーと愛の薔薇",,,0,,"",0,True
727,5,"オフォカリー",,,,,,2," 新事業！ トラル旅行公司",,,0,,,88,False
728,0,,,,,,,0,,,,0,,"",0,False
729,6,"ドルフィン・カフ",,,,,,11,"魚をくれてありがとう",,,0,,,51,False
730,6,"スターバード",,,,,,31,,,,0,,"「漆黒のヴィランズ」の指定のアライアンスレイド攻略で利用条件開放",70,False
731,6,"ナグサキャット",,,,,,22,,,,0,,,55,False
732,6,"マメット・ヴリトラ",,,,,,12,"マメット・ヴリトラ",,,0,,"",0,True
733,6,"カニカニ",,,,,,44,,,,0,,"",0,False
734,6,"ルナテンダー・プリンス",,,,,,31,,,,0,,"「暁月のフィナーレ」の指定のアライアンスレイド攻略で利用条件開放",70,False
735,6,"マメット・ヘロイス",,,,,,2,"暁月のフィナーレ",,,0,,,45,False
736,6,"ルナテンダー・ロイヤル",,,,,,43,,,,0,,"",0,False
737,6,"マメット・フィロス",,,,,,43,,,,0,,,45,False
738,6,"マメット・エリクトニオス",,,,,,32,,,,0,,,106,False
739,6,"マメット・アイドネウス",,,,,,43,,,,0,,,45,False
740,6,"マメット・アテナ",,,,,,32,,,,0,,,106,False
741,6,"おやすみくん",,,,,,25,,,,0,,,55,False
742,6,"ハイデリン・アイドル",,,,,,12,"ハイデリン・アイドル",,,0,,"",0,True
743,6,"ゾディアーク・アイドル",,,,,,12,"ゾディアーク・アイドル",,,0,,"",0,True
744,6,"マメット・フルシュノ",,,,,,12,"マメット・フルシュノ",,,0,,"",0,True
745,6,"アルパ・カフ",,,,,,41,,,,0,,,88,False
746,6,"イークチ",,,,,,41,,,,0,,,88,False
747,6,"グリーンバード",,,,,,44,,,,0,,"",0,False
748,6,"ショーティ・コヨーテ",,,,,,14,,,,0,,"",0,True
749,6,"モロコシ様",,,,,,2," はらへり旅情：完結篇",,,0,,,90,False
750,6,"マグテンダー",,,,,,31,,,,0,,"「紅蓮のリベレーター」のロールクエスト進行で利用条件開放",92,False
751,6,"ブルーキャット",,,,,,22,,,,0,,,90,False
752,6,"ティンセントリーT1",,,,,,31,,,,0,,"「黄金のレガシー」の指定のアライアンスレイド攻略で利用条件開放",92,False
753,6,"ニュー・クルル",,,,,,6,"ニュー・クルル",,,0,,"",0,True
754,6,"マメット・ゼロ",,,,,,12,"マメット・ゼロ",,,0,,"",0,True
755,6,"マメット・エレンヴィル",,,,,,12,"マメット・エレンヴィル",,,0,,"",0,True
756,9,,,,,,,14,,,,0,,"",0,True
757,9,,,,,,,14,,,,0,,"",0,True
758,9,,,,,,,11,"コンフリクトの王者：シーズン12",,,0,,"",0,True
759,11,,,,,,,11,"コンフリクトの勇者：シーズン12",,,0,,"",0,True
760,11,,,,,,,11,"コンフリクトの入賞者：シーズン12",,,0,,"",0,True
761,9,,,,,,,13,"ENpcBase#1005417","Level#6245610",,0,,"",0,True
762,11,,,,,,,13,"ENpcBase#1005417","Level#6245610",,0,,"",0,True
763,11,,,,,,,13,"ENpcBase#1005417","Level#6245610",,0,,"",0,True
764,11,,,,,,,13,"ENpcBase#1005417","Level#6245610",,0,,"",0,True
765,11,,,,,,,13,"ENpcBase#1005417","Level#6245610",,0,,"",0,True
766,11,,,,,,,13,"ENpcBase#1005417","Level#6245610",,0,,"",0,True
767,9,,,,,,,17,,,,0,,,89,False
768,9,,,,,,,42,,,,0,,,52,False
769,9,,,,,,,42,,,,0,,,52,False
770,9,,,,,,,42,,,,0,,,52,False
771,9,,,,,,,42,,,,0,,,52,False
772,9,,,,,,,36,,,,1929,,,43,False
773,9,,,,,,,36,,,,1929,,,43,False
774,9,,,,,,,36,,,,1930,,,43,False
775,9,,,,,,,36,,,,1930,,,43,False
776,9,,,,,,,41,,,,0,,,44,False
777,9,,,,,,,41,,,,0,,,44,False
778,9,,,,,,,41,,,,0,,,44,False
779,9,,,,,,,41,,,,0,,,44,False
780,9,,,,,,,41,,,,0,,,45,False
781,9,,,,,,,41,,,,0,,,45,False
782,9,,,,,,,41,,,,0,,,45,False
783,9,,,,,,,41,,,,0,,,45,False
784,0,,,,,,,0,,,,0,,"",0,False
785,0,,,,,,,0,,,,0,,"",0,False
786,0,,,,,,,0,,,,0,,"",0,False
787,0,,,,,,,0,,,,0,,"",0,False
788,0,,,,,,,0,,,,0,,"",0,False
789,0,,,,,,,0,,,,0,,"",0,False
790,0,,,,,,,0,,,,0,,"",0,False
791,0,,,,,,,0,,,,0,,"",0,False
792,0,,,,,,,0,,,,0,,"",0,False
793,0,,,,,,,0,,,,0,,"",0,False
794,0,,,,,,,0,,,,0,,"",0,False
795,0,,,,,,,0,,,,0,,"",0,False
796,0,,,,,,,0,,,,0,,"",0,False
797,0,,,,,,,0,,,,0,,"",0,False
798,0,,,,,,,0,,,,0,,"",0,False
799,0,,,,,,,0,,,,0,,"",0,False
800,0,,,,,,,0,,,,0,,"",0,False
801,0,,,,,,,0,,,,0,,"",0,False
802,0,,,,,,,0,,,,0,,"",0,False
803,0,,,,,,,0,,,,0,,"",0,False
804,0,,,,,,,0,,,,0,,"",0,False
805,0,,,,,,,0,,,,0,,"",0,False
806,0,,,,,,,0,,,,0,,"",0,False
807,0,,,,,,,0,,,,0,,"",0,False
808,0,,,,,,,0,,,,0,,"",0,False
809,0,,,,,,,0,,,,0,,"",0,False
810,0,,,,,,,0,,,,0,,"",0,False
811,0,,,,,,,0,,,,0,,"",0,False
812,0,,,,,,,0,,,,0,,"",0,False
813,0,,,,,,,0,,,,0,,"",0,False
814,0,,,,,,,0,,,,0,,"",0,False
815,0,,,,,,,0,,,,0,,"",0,False
816,5,"目玉焼きを作る",,,,,,12,"演技教本:目玉焼きを作る",,,0,,"",0,False
817,5,"タブレットで記録する",,,,,,49,,,,0,,,55,False
818,5,"大げさに驚く",,,,,,2,"ゴールドソーサーとキングの噂",,,0,,"",0,True
819,0,,,,,,,0,,,,0,,"",0,False
820,5,"ふらつく",,,,,,14,,,,0,,"",0,False
821,5,"怒りに震える",,,,,,48,,,,0,,,55,False
822,6,"マメット・サスカッチ",,,,,,20,,,,0,,,51,False
823,6,"ブラックキトン",,,,,,32,,,,0,,,107,False
824,6,"トラジロウ",,,,,,22,,,,0,,,53,False
825,6,"ホパルの水蛇？",,,,,,17,,,,0,,,49,False
826,6,"キタリの水蛇？",,,,,,17,,,,0,,,49,False
827,6,"アントイーター",,,,,,26,,,,0,,,54,False
828,6,"ヒッポカフ",,,,,,31,,,,0,,"「紅蓮のリベレーター」の指定のアライアンスレイド攻略で利用条件開放",70,False
829,6,"マメット・カンガルー",,,,,,44,,,,0,,"",0,False
830,6,"シャシュエ",,,,,,31,,,,0,,"「暁月のフィナーレ」のロールクエスト進行で利用条件開放",92,False
831,6,"舞海月",,,,,,7,"舞海月",,,0,,"",0,False
832,6,"ドマキン",,,,,,44,,,,0,,"",0,False
833,6,"ララダイル",,,,,,11,"蒼天街の製作マスター",,,0,,,52,False
834,6,"プチプヌティー",,,,,,31,,,,0,,"「黄金のレガシー」のクロニクルクエスト進行で利用条件開放",92,False
835,6,"コトコトコ",,,,,,7,"コトコトコ",,,0,,"",0,False
836,6,"マメット・イフリート",,,,,,45,,,,0,,"",0,False
837,6,"マメット・ガルーダ",,,,,,45,,,,0,,"",0,False
838,6,"マメット・タイタン",,,,,,45,,,,0,,"",0,False
839,6,"マメット・リヴァイアサン",,,,,,45,,,,0,,"",0,False
840,6,"マメット・ラムウ",,,,,,45,,,,0,,"",0,False
841,6,"マメット・シヴァ",,,,,,45,,,,0,,"",0,False
842,6,"マメット・オーディン",,,,,,28,,,,0,,"",0,False
843,6,"マメット・ビスマルク",,,,,,45,,,,0,,"",0,False
844,6,"マメット・ラーヴァナ",,,,,,45,,,,0,,"",0,False
845,6,"マメット・スサノオ",,,,,,45,,,,0,,"",0,False
846,6,"マメット・ラクシュミ",,,,,,45,,,,0,,"",0,False
847,6,"マメット・テミス",,,,,,2,"在りし日の想いを込めて",,,0,,,80,False
848,6,"マメット・ペルペル",,,,,,17,,,,0,,,89,False
849,6,"ティンソルジャーS3",,,,,,26,,,,0,,,54,False
850,6,"アラガンメロン",,,,,,7,"アラガンメロン",,,0,,"",0,False
851,6,"イケニエ様",,,,,,2,"はらへり旅情：再会篇",,,0,,,90,False
852,9,,,,,,,14,,,,0,,"",0,False
853,9,,,,,,,14,,,,0,,"",0,False
854,9,,,,,,,11,"コンフリクトの王者：シーズン13",,,0,,"",0,True
855,11,,,,,,,11,"コンフリクトの勇者：シーズン13",,,0,,"",0,True
856,11,,,,,,,11,"コンフリクトの入賞者：シーズン13",,,0,,"",0,True
857,9,,,,,,,13,"ENpcBase#1005417","Level#6245610",,0,,"",0,True
858,11,,,,,,,13,"ENpcBase#1005417","Level#6245610",,0,,"",0,True
859,11,,,,,,,13,"ENpcBase#1005417","Level#6245610",,0,,"",0,True
860,11,,,,,,,13,"ENpcBase#1005417","Level#6245610",,0,,"",0,True
861,11,,,,,,,13,"ENpcBase#1005417","Level#6245610",,0,,"",0,True
862,11,,,,,,,13,"ENpcBase#1005417","Level#6245610",,0,,"",0,True
863,9,,,,,,,11,"コンフリクトの王者：シーズン14",,,0,,"",0,False
864,11,,,,,,,11,"コンフリクトの勇者：シーズン14",,,0,,"",0,False
865,11,,,,,,,11,"コンフリクトの入賞者：シーズン14",,,0,,"",0,False
866,9,,,,,,,13,"ENpcBase#1005417","Level#6245610",,0,,"",0,False
867,11,,,,,,,13,"ENpcBase#1005417","Level#6245610",,0,,"",0,False
868,11,,,,,,,13,"ENpcBase#1005417","Level#6245610",,0,,"",0,False
869,11,,,,,,,13,"ENpcBase#1005417","Level#6245610",,0,,"",0,False
870,11,,,,,,,13,"ENpcBase#1005417","Level#6245610",,0,,"",0,False
871,11,,,,,,,13,"ENpcBase#1005417","Level#6245610",,0,,"",0,False
872,4,,,,,,,3,,,,0,,,91,False
873,0,,,,,,,0,,,,0,,"",0,False
874,9,,,,,,,47,,,,1580,,,51,False
875,9,,,,,,,47,,,,1657,,,52,False
876,9,,,,,,,47,,,,2049,,,53,False
877,9,,,,,,,47,,,,2051,,,53,False
878,9,,,,,,,48,,,,0,,,55,False
879,0,,,,,,,0,,,,0,,"",0,False
880,0,,,,,,,0,,,,0,,"",0,False
881,0,,,,,,,0,,,,0,,"",0,False
882,0,,,,,,,0,,,,0,,"",0,False
883,0,,,,,,,0,,,,0,,"",0,False
884,0,,,,,,,0,,,,0,,"",0,False
885,0,,,,,,,0,,,,0,,"",0,False
886,0,,,,,,,0,,,,0,,"",0,False
887,0,,,,,,,0,,,,0,,"",0,False
888,0,,,,,,,0,,,,0,,"",0,False
889,0,,,,,,,0,,,,0,,"",0,False
890,0,,,,,,,0,,,,0,,"",0,False
891,0,,,,,,,0,,,,0,,"",0,False
892,0,,,,,,,0,,,,0,,"",0,False
893,0,,,,,,,0,,,,0,,"",0,False
894,0,,,,,,,0,,,,0,,"",0,False
895,0,,,,,,,0,,,,0,,"",0,False
896,0,,,,,,,0,,,,0,,"",0,False
897,0,,,,,,,0,,,,0,,"",0,False
898,0,,,,,,,0,,,,0,,"",0,False
899,0,,,,,,,0,,,,0,,"",0,False
900,0,,,,,,,0,,,,0,,"",0,False
