key,0,1,2,3,4,5,6,7,8,9,10,11,12,13,14,15,16,17,18,19,20,21,22,23,24,25,26
#,,,,,,,,,,,,,,,,,,,,,,,,,,,
int32,str,str,str,str,str,byte,bit&01,uint16,byte,uint16,uint32,int32,uint32,uint32,byte,byte,byte,byte,byte,byte,byte,byte,byte,byte,byte,byte,byte
0,"","","","","",0,False,158,0,0,0,0,0,0,0,0,0,0,0,0,0,0,0,0,0,0,0
1,"「第一次基地拡張計画」　資材準備中
 <UIForeground>F2023B</UIForeground><UIGlow>F2023C</UIGlow>コスモミッションに参加して資材を集めよう！","「第一次基地拡張計画」　資材準備中","ムーンゲート基地を拡張するべく、一緒に資材を集めてほしいッスよー！
資材調達のため、コスモミッションにご協力くださいッス！","いよいよッス！　ムーンゲート基地を拡張するべく、一緒に資材を集めてほしいッスよー！","サーチングウェイ",0,False,158,1,0,241001,0,0,0,0,0,2,3,0,0,0,0,0,0,0,0,0
2,"「第一次基地拡張計画」　共同施工作業準備中
<UIForeground>F2023B</UIForeground><UIGlow>F2023C</UIGlow>共同施工作業の開始に備えよう！","「第一次基地拡張計画」　共同施工作業準備中","ムーンゲート基地拡張のための、共同施工作業の開催時刻が決まったッス！
開催時には、ぜひぜひ協力してほしいッスー！","ムーンゲート基地拡張のための、共同施工作業の開催時刻が決まったッス！　協力してほしいッスー！","サーチングウェイ",0,False,158,2,0,241001,1451,0,0,0,0,2,3,0,0,0,0,0,0,0,0,0
3,"「第一次基地拡張計画」　共同施工作業実施中
<UIForeground>F2023B</UIForeground><UIGlow>F2023C</UIGlow>共同施工作業に参加しよう！","「第一次基地拡張計画」　共同施工作業実施中","ムーンゲート基地拡張のための、共同施工作業を開催中ッス！
ぜひぜひ参加してほしいッスー！","ムーンゲート基地拡張のための、共同施工作業を開催中ッス！　ぜひぜひ参加してほしいッスー！","サーチングウェイ",0,False,158,3,0,241001,0,0,0,0,0,2,3,0,0,0,0,0,0,0,0,0
4,"ムーンゲート基地「ベースキャンプII」　完工
<UIForeground>F2023B</UIForeground><UIGlow>F2023C</UIGlow>次の作業を計画中、自由に過ごそう！","ムーンゲート基地「ベースキャンプII」　完工","ムーンゲート基地が、いい感じに拡張されたッス！
探索活動もますます捗っていくはず……ご協力、ありがとうッスよー！","ムーンゲート基地が、いい感じに拡張されたッス！　ご協力、ありがとうッスよー！","サーチングウェイ",1,False,158,4,0,241002,1406,18,0,6,0,2,3,0,0,0,0,0,0,0,0,0
5,"「第一次コスモライナー敷設支援」　資材集積中
 <UIForeground>F2023B</UIForeground><UIGlow>F2023C</UIGlow>コスモミッションに参加して資材を集めよう！","「第一次コスモライナー敷設支援」　資材集積中","ムーンゲート基地付近に、移動のためのコスモライナーを敷設するッスよ！
資材調達のため、コスモミッションにご協力くださいッス！","ムーンゲート基地付近に、移動のためのコスモライナーを敷設するッス！　一緒に資材を集めてほしいッスよー！","サーチングウェイ",1,False,158,5,0,241003,0,0,0,0,0,2,3,0,0,0,0,0,0,0,0,0
6,"「第一次コスモライナー敷設支援」　共同施工作業準備中
<UIForeground>F2023B</UIForeground><UIGlow>F2023C</UIGlow>共同施工作業の開始に備えよう！","「第一次コスモライナー敷設支援」　共同施工作業準備中","コスモライナー敷設のための、共同施工作業の開催時刻が決まったッス！
開催時には、ぜひぜひ協力してほしいッスー！","コスモライナー敷設のための、共同施工作業の開催時刻が決まったッス！　協力してほしいッスー！","サーチングウェイ",1,False,158,6,0,241003,1451,0,0,0,0,2,3,0,0,0,0,0,0,0,0,0
7,"「第一次コスモライナー敷設支援」　共同施工作業実施中
<UIForeground>F2023B</UIForeground><UIGlow>F2023C</UIGlow>共同施工作業に参加しよう！","「第一次コスモライナー敷設支援」　共同施工作業実施中","ムーンゲート基地付近にコスモライナーを敷設するための、共同施工作業を開催中ッス！
ぜひぜひ参加してほしいッスー！","基地付近にコスモライナーを敷設するための、共同施工作業を開催中ッス！　ぜひぜひ参加してほしいッスー！","サーチングウェイ",1,False,158,7,0,241003,0,0,0,0,0,2,3,0,0,0,0,0,0,0,0,0
8,"「コスモライナー：内周部」　敷設完了
<UIForeground>F2023B</UIForeground><UIGlow>F2023C</UIGlow>次の作業を計画中、自由に過ごそう！","「コスモライナー：内周部」　敷設完了","ムーンゲート基地付近にコスモライナーが敷設されたッス！
移動が便利になって遠くまで探索へ行けるッスね、ご協力ありがとうッスよー！","ムーンゲート基地付近にコスモライナーが敷設されたッス！　ご協力、ありがとうッスよー！","サーチングウェイ",2,False,158,8,0,241004,1405,18,1,6,0,2,3,0,0,0,0,0,0,0,0,0
9,"居住モジュール、コスモポート　建設資材準備中
 <UIForeground>F2023B</UIForeground><UIGlow>F2023C</UIGlow>コスモミッションに参加して資材を集めよう！","居住モジュール、コスモポート　建設資材準備中","居住モジュールと、宇宙船を発着させるコスモポートを建設するッスよ！
資材調達のため、コスモミッションにご協力くださいッス！","居住モジュールと、宇宙船を発着させるコスモポート建設のため、一緒に資材を集めてほしいッスよー！","サーチングウェイ",2,False,158,9,0,241005,0,0,0,0,0,2,3,0,0,0,0,0,0,0,0,0
10,"「居住モジュール設置支援」　共同施工作業準備中
<UIForeground>F2023B</UIForeground><UIGlow>F2023C</UIGlow>共同施工作業の開始に備えよう！","「居住モジュール設置支援」　共同施工作業準備中","居住モジュール建設のための共同施工作業の開催時刻が決まったッス！
開催時には、ぜひぜひ協力してほしいッスー！","居住モジュール建設のための共同施工作業の開催時刻が決まったッス！　協力してほしいッスー！","サーチングウェイ",2,False,158,10,0,241005,1451,0,0,0,0,2,3,0,0,0,0,0,0,0,0,0
11,"「居住モジュール設置支援」　共同施工作業実施中
<UIForeground>F2023B</UIForeground><UIGlow>F2023C</UIGlow>共同施工作業に参加しよう！","「居住モジュール設置支援」　共同施工作業実施中","居住モジュール建設のための、共同施工作業を開催中ッス！
ぜひぜひ参加してほしいッスー！","居住モジュール建設のための、共同施工作業を開催中ッス！　ぜひぜひ参加してほしいッスー！","サーチングウェイ",2,False,158,11,0,241005,0,0,0,0,0,2,3,0,0,0,0,0,0,0,0,0
12,"「第一次コスモポート整備支援」　資材準備中
<UIForeground>F2023B</UIForeground><UIGlow>F2023C</UIGlow>共同施工作業の開始に備えよう！","「第一次コスモポート整備支援」　資材準備中","コスモポート建設のための、共同施工作業の開催時刻が決まったッス！
開催時には、ぜひぜひ協力してほしいッスー！","コスモポート建設のための共同施工作業の開催時刻が決まったッス！　協力してほしいッスー！","サーチングウェイ",3,False,158,12,0,241006,1401,18,2,5,0,2,3,0,0,0,0,0,0,0,0,0
13,"「第一次コスモポート整備支援」　共同施工作業実施中
<UIForeground>F2023B</UIForeground><UIGlow>F2023C</UIGlow>共同施工作業に参加しよう！","「第一次コスモポート整備支援」　共同施工作業実施中","コスモポート建設のための、共同施工作業を開催中ッス！
ぜひぜひ参加してほしいッスー！","コスモポート建設のための、共同施工作業を開催中ッス！　ぜひぜひ参加してほしいッスー！","サーチングウェイ",3,False,158,12,0,241006,0,0,0,0,0,2,3,0,0,0,0,0,0,0,0,0
14,"居住モジュール、コスモポート　完工
<UIForeground>F2023B</UIForeground><UIGlow>F2023C</UIGlow>次の作業を計画中、自由に過ごそう！","居住モジュール、コスモポート　完工","居住モジュールと、コスモポートが建設されたッス！
いよいよ基地らしくなってきたッスね、ご協力ありがとうッスよー！","居住モジュール、コスモポートが建設されたッス！　ご協力、ありがとうッスよー！","サーチングウェイ",4,False,158,13,0,241007,1401,18,3,5,0,2,3,0,0,0,0,0,0,0,0,0
15,"「第一次ハンガー拡張計画」　資材準備中
<UIForeground>F2023B</UIForeground><UIGlow>F2023C</UIGlow>コスモミッションに参加して資材を集めよう！","「第一次ハンガー拡張計画」　資材準備中","ローダーハンガーを高機能に改築するッス！
資材調達のため、コスモミッションにご協力くださいッス！","ローダーハンガーを高機能に改築するッス！　一緒に資材を集めてほしいッスよー！","サーチングウェイ",4,False,158,14,0,241008,0,0,0,0,0,2,3,0,0,0,0,0,0,0,0,0
16,"「第一次ハンガー拡張計画」　共同施工作業準備中
 <UIForeground>F2023B</UIForeground><UIGlow>F2023C</UIGlow>共同施工作業の開始に備えよう！","「第一次ハンガー拡張計画」　共同施工作業準備中","ローダーハンガー改築のための共同施工作業の開催時刻が決まったッス！
開催時には、ぜひぜひ協力してほしいッスー！","ローダーハンガー改築のための共同施工作業の開催時刻が決まったッス！　協力してほしいッスー！","サーチングウェイ",4,False,158,15,0,241008,1451,0,0,0,0,2,3,0,0,0,0,0,0,0,0,0
17,"「第一次ハンガー拡張計画」　共同施工作業実施中
<UIForeground>F2023B</UIForeground><UIGlow>F2023C</UIGlow>共同施工作業に参加しよう！","「第一次ハンガー拡張計画」　共同施工作業実施中","ローダーハンガー改築のための共同施工作業を開催中ッス！
ぜひぜひ参加してほしいッスー！","ローダーハンガー改築のための共同施工作業を開催中ッス！　ぜひぜひ参加してほしいッスー！","サーチングウェイ",4,False,158,16,0,241008,0,0,0,0,0,2,3,0,0,0,0,0,0,0,0,0
18,"「ローダーハンガーII」　完工
<UIForeground>F2023B</UIForeground><UIGlow>F2023C</UIGlow>次の作業を計画中、自由に過ごそう！","「ローダーハンガーII」　完工","ローダーハンガーが高機能に改築されたッス！
これでローダーもますます活躍してくはず……ご協力、ありがとうッスよー！","ローダーハンガーが高機能に改築されたッス！　ご協力、ありがとうッスよー！","サーチングウェイ",5,False,158,17,0,241009,1402,18,4,5,0,2,3,0,0,0,0,0,0,0,0,0
19,"「第二次コスモライナー敷設計画」　資材準備中
 <UIForeground>F2023B</UIForeground><UIGlow>F2023C</UIGlow>コスモミッションに参加して資材を集めよう！","「第二次コスモライナー敷設計画」　資材準備中","北西部のコスモライナーを敷設するッス！
資材調達のため、コスモミッションにご協力くださいッス！","北西部のコスモライナーを敷設するッス！　一緒に資材を集めてほしいッスよー！","サーチングウェイ",5,False,158,18,0,241010,0,0,0,0,0,2,3,0,0,0,0,0,0,0,0,0
20,"「第二次コスモライナー敷設計画」　敷設中
<UIForeground>F2023B</UIForeground><UIGlow>F2023C</UIGlow>コスモライナーの完成を待とう！","「第二次コスモライナー敷設計画」　敷設中","北西部のコスモライナー敷設の、完工予定時刻が決まったッス！
完工したらもっと便利になるから、もう少し待っててほしいッスー！","北西部のコスモライナー敷設の、完工予定時刻が決まったッス！","サーチングウェイ",5,False,158,18,0,241010,1452,0,0,0,0,2,3,0,0,0,0,0,0,0,0,0
21,"「コスモライナー：北西部」　敷設完了
<UIForeground>F2023B</UIForeground><UIGlow>F2023C</UIGlow>次の作業を計画中、自由に過ごそう！","「コスモライナー：北西部」　敷設完了","北西部のコスモライナーが敷設されたッス！
北西部への探索が捗るはずッスね、ご協力ありがとうッスよー！","北西部のコスモライナーが敷設されたッス！　ご協力、ありがとうッスよー！","サーチングウェイ",6,False,158,19,0,241011,1407,18,5,6,0,2,3,0,0,0,0,0,0,0,0,0
22,"「第三次コスモライナー敷設計画」　資材準備中
 <UIForeground>F2023B</UIForeground><UIGlow>F2023C</UIGlow>コスモミッションに参加して資材を集めよう！","「第三次コスモライナー敷設計画」　資材準備中","南東部のコスモライナーを敷設するッス！
資材調達のため、コスモミッションにご協力くださいッス！","南東部のコスモライナーを敷設するッス！　一緒に資材を集めてほしいッスよー！","サーチングウェイ",6,False,158,20,0,241012,0,0,0,0,0,2,3,0,0,0,0,0,0,0,0,0
23,"「第三次コスモライナー敷設計画」　敷設中
<UIForeground>F2023B</UIForeground><UIGlow>F2023C</UIGlow>コスモライナーの完成を待とう！","「第三次コスモライナー敷設計画」　敷設中","南東部のコスモライナー敷設の、完工予定時刻が決まったッス！
完工したらもっと便利になるから、もう少し待っててほしいッスー！","南東部のコスモライナー敷設の、完工予定時刻が決まったッス！","サーチングウェイ",6,False,158,20,0,241012,1452,0,0,0,0,2,3,0,0,0,0,0,0,0,0,0
24,"「コスモライナー：南東部」　敷設完了
<UIForeground>F2023B</UIForeground><UIGlow>F2023C</UIGlow>次の作業を計画中、自由に過ごそう！","「コスモライナー：南東部」　敷設完了","南東部のコスモライナーが敷設されたッス！
南東部への探索が捗るはずッスね、ご協力ありがとうッスよー！","南東部のコスモライナーが敷設されたッス！　ご協力、ありがとうッスよー！","サーチングウェイ",7,False,158,21,0,241013,1409,18,6,6,0,2,3,4,6,7,0,0,0,0,0,0
25,"「トンネル掘削工事」　資材準備中
 <UIForeground>F2023B</UIForeground><UIGlow>F2023C</UIGlow>コスモミッションに参加して資材を集めよう！","「トンネル掘削工事」　資材準備中","山にトンネルを開通させる工事をするッス！
資材調達のため、コスモミッションにご協力くださいッス！","山にトンネルを開通させる工事をするッス！　一緒に資材を集めてほしいッスよー！","サーチングウェイ",7,False,158,22,0,241014,0,0,0,0,0,2,3,4,6,7,0,0,0,0,0,0
26,"「第一次トンネル掘削工事」　共同施工作業準備中
 <UIForeground>F2023B</UIForeground><UIGlow>F2023C</UIGlow>共同施工作業の開始に備えよう！","「第一次トンネル掘削工事」　共同施工作業準備中","トンネル開通工事のための、第一回共同施工作業の開催時刻が決まったッス！
開催時には、ぜひぜひ協力してほしいッスー！","トンネル開通工事のための、第一回共同施工作業の開催時刻が決まったッス！　協力してほしいッスー！","サーチングウェイ",7,False,158,23,0,241014,1451,0,0,0,0,2,3,4,6,7,0,0,0,0,0,0
27,"「第一次トンネル掘削工事」　共同施工作業実施中
<UIForeground>F2023B</UIForeground><UIGlow>F2023C</UIGlow>共同施工作業に参加しよう！","「第一次トンネル掘削工事」　共同施工作業実施中","トンネル開通工事のための、第一回共同施工作業を開催中ッス！
ぜひぜひ参加してほしいッスー！","トンネル開通工事のための、第一回共同施工作業を開催中ッス！　ぜひぜひ参加してほしいッスー！","サーチングウェイ",7,False,158,24,0,241014,0,0,0,0,0,2,3,4,6,7,0,0,0,0,0,0
28,"「第二次トンネル掘削工事」　共同施工作業準備中
<UIForeground>F2023B</UIForeground><UIGlow>F2023C</UIGlow>共同施工作業の開始に備えよう！","「第二次トンネル掘削工事」　共同施工作業準備中","トンネル開通工事のための、第二回共同施工作業の開催時刻が決まったッス！
開催時には、ぜひぜひ協力してほしいッスー！","トンネル開通工事のための、第二回共同施工作業の開催時刻が決まったッス！　協力してほしいッスー！","サーチングウェイ",8,False,158,25,0,241015,1401,18,7,5,0,2,3,4,6,7,0,0,0,0,0,0
29,"「第二次トンネル掘削工事」　共同施工作業実施中
<UIForeground>F2023B</UIForeground><UIGlow>F2023C</UIGlow>共同施工作業に参加しよう！","「第二次トンネル掘削工事」　共同施工作業実施中","トンネル開通工事のための、第二回共同施工作業を開催中ッス！
ぜひぜひ参加してほしいッスー！","トンネル開通工事のための、第二回共同施工作業を開催中ッス！　ぜひぜひ参加してほしいッスー！","サーチングウェイ",8,False,158,25,0,241015,0,0,0,0,0,2,3,4,6,7,0,0,0,0,0,0
30,"「ピアッシングウェイ・トンネル」　完工
<UIForeground>F2023B</UIForeground><UIGlow>F2023C</UIGlow>次の作業を計画中、自由に過ごそう！","「ピアッシングウェイ・トンネル」　完工","ピアッシングウェイ・トンネルが開通したッス！
トンネルの奥への探索が捗るはずッスね、ご協力ありがとうッスよー！","ピアッシングウェイ・トンネルが開通したッス！　ご協力、ありがとうッスよー！","サーチングウェイ",9,False,158,26,0,241016,1408,18,8,6,0,2,3,4,6,7,0,0,0,0,0,0
31,"「第四次コスモライナー敷設計画」　資材準備中
 <UIForeground>F2023B</UIForeground><UIGlow>F2023C</UIGlow>コスモミッションに参加して資材を集めよう！","「第四次コスモライナー敷設計画」　資材準備中","トンネル奥のエリアに、コスモライナーを敷設するッス！
資材調達のため、コスモミッションにご協力くださいッス！","トンネル奥のエリアに、コスモライナーを敷設するッス！　一緒に資材を集めてほしいッスよー！","サーチングウェイ",9,False,158,27,0,241017,0,0,0,0,0,2,3,4,6,7,0,0,0,0,0,0
32,"「第四次コスモライナー敷設計画」　敷設中
<UIForeground>F2023B</UIForeground><UIGlow>F2023C</UIGlow>コスモライナーの完成を待機しよう！","「第四次コスモライナー敷設計画」　敷設中","トンネル奥のコスモライナー敷設の、完工予定時刻が決まったッス！
完工したらもっと便利になるから、もう少し待っててほしいッスー！","トンネル奥のコスモライナー敷設の、完工予定時刻が決まったッス！","サーチングウェイ",9,False,158,27,0,241017,1452,0,0,0,0,2,3,4,6,7,0,0,0,0,0,0
33,"「コスモライナー：南西部」　敷設完了
<UIForeground>F2023B</UIForeground><UIGlow>F2023C</UIGlow>次の作業を計画中、自由に過ごそう！","「コスモライナー：南西部」　敷設完了","トンネル奥のエリアにコスモライナーが敷設されたッス！
ますます探索が捗るはずッスね、ご協力ありがとうッスよー！","トンネル奥のエリアにコスモライナーが敷設されたッス！　ご協力、ありがとうッスよー！","サーチングウェイ",10,False,158,28,0,241018,1412,18,9,6,0,2,3,4,6,7,8,0,0,0,0,0
34,"「第二次基地拡張計画」　資材準備中
 <UIForeground>F2023B</UIForeground><UIGlow>F2023C</UIGlow>コスモミッションに参加して資材を集めよう！","「第二次基地拡張計画」　資材準備中","ムーンゲート基地のさらなる拡張をするッス！
資材調達のため、コスモミッションにご協力くださいッス！","ムーンゲート基地のさらなる拡張をするッス！　一緒に資材を集めてほしいッスよー！","サーチングウェイ",10,False,158,29,0,241019,0,0,0,0,0,2,3,4,6,7,8,0,0,0,0,0
35,"「第二次基地拡張計画」　共同施工作業準備中
<UIForeground>F2023B</UIForeground><UIGlow>F2023C</UIGlow>共同施工作業の開始に備えよう！","「第二次基地拡張計画」　共同施工作業準備中","基地のさらなる拡張のための、共同施工作業の開催時刻が決まったッス！
開催時には、ぜひぜひ協力してほしいッスー！","基地のさらなる拡張のための、共同施工作業の開催時刻が決まったッス！　協力してほしいッスー！","サーチングウェイ",10,False,158,30,0,241019,1451,0,0,0,0,2,3,4,6,7,8,0,0,0,0,0
36,"「第二次基地拡張計画」　共同施工作業実施中
<UIForeground>F2023B</UIForeground><UIGlow>F2023C</UIGlow>共同施工作業に参加しよう！","「第二次基地拡張計画」　共同施工作業実施中","ムーンゲート基地のさらなる拡張のための、共同施工作業を開催中ッス！
ぜひぜひ参加してほしいッスー！","ムーンゲート基地のさらなる拡張のための、共同施工作業を開催中ッス！　ぜひぜひ参加してほしいッスー！","サーチングウェイ",10,False,158,31,0,241019,0,0,0,0,0,2,3,4,6,7,8,0,0,0,0,0
37,"ムーンゲート基地「ベースキャンプIII」　完工
<UIForeground>F2023B</UIForeground><UIGlow>F2023C</UIGlow>次の作業を計画中、自由に過ごそう！","ムーンゲート基地「ベースキャンプIII」　完工","ムーンゲート基地がさらにいい感じに拡張されたッス！
探索活動がさらに捗るはずッスね、ご協力ありがとうッスよー！","ムーンゲート基地がさらにいい感じに拡張されたッス！　ご協力、ありがとうッスよー！","サーチングウェイ",11,False,158,32,0,241020,1410,18,10,6,1,2,3,5,6,7,8,0,0,0,0,0
38,"発雷所、給水所　建設資材準備中
 <UIForeground>F2023B</UIForeground><UIGlow>F2023C</UIGlow>コスモミッションに参加して資材を集めよう！","発雷所、給水所　建設資材準備中","発雷所や給水所などの、インフラ施設を建設するッス！
資材調達のため、コスモミッションにご協力くださいッス！","発雷所や給水所などの、インフラ施設を建設するッス！　一緒に資材を集めてほしいッスよー！","サーチングウェイ",11,False,158,33,0,241021,0,0,0,0,1,2,3,5,6,7,8,0,0,0,0,0
39,"「エネルギー設備拡充支援」　共同施工作業準備中
<UIForeground>F2023B</UIForeground><UIGlow>F2023C</UIGlow>共同施工作業の開始に備えよう！","「エネルギー設備拡充支援」　共同施工作業準備中","発雷所建設のための共同施工作業の開催時刻が決まったッス！
開催時には、ぜひぜひ協力してほしいッスー！","発雷所建設のための共同施工作業の開催時刻が決まったッス！　協力してほしいッスー！","サーチングウェイ",11,False,158,34,0,241021,1451,0,0,0,1,2,3,5,6,7,8,0,0,0,0,0
40,"「エネルギー設備拡充支援」　共同施工作業実施中
<UIForeground>F2023B</UIForeground><UIGlow>F2023C</UIGlow>共同施工作業に参加しよう！","「エネルギー設備拡充支援」　共同施工作業実施中","発雷所建設のための、共同施工作業を開催中ッス！
ぜひぜひ参加してほしいッスー！","発雷所建設のための、共同施工作業を開催中ッス！　ぜひぜひ参加してほしいッスー！","サーチングウェイ",11,False,158,35,0,241021,0,0,0,0,1,2,3,5,6,7,8,0,0,0,0,0
41,"「給水設備拡充支援」　共同施工作業準備中
<UIForeground>F2023B</UIForeground><UIGlow>F2023C</UIGlow>共同施工作業の開始に備えよう！","「給水設備拡充支援」　共同施工作業準備中","給水所建設のための共同施工作業の開催時刻が決まったッス！
開催時には、ぜひぜひ協力してほしいッスー！","給水所建設のための共同施工作業の開催時刻が決まったッス！　協力してほしいッスー！","サーチングウェイ",12,False,158,36,0,241022,1401,18,11,5,1,2,3,5,6,7,8,0,0,0,0,0
42,"「給水設備拡充支援」　共同施工作業実施中
<UIForeground>F2023B</UIForeground><UIGlow>F2023C</UIGlow>共同施工作業に参加しよう！","「給水設備拡充支援」　共同施工作業実施中","給水所建設のための、共同施工作業を開催中ッス！
ぜひぜひ参加してほしいッスー！","給水所建設のための、共同施工作業を開催中ッス！　ぜひぜひ参加してほしいッスー！","サーチングウェイ",12,False,158,36,0,241022,0,0,0,0,1,2,3,5,6,7,8,0,0,0,0,0
43,"発雷所、給水所　完工
<UIForeground>F2023B</UIForeground><UIGlow>F2023C</UIGlow>次の作業を計画中、自由に過ごそう！","発雷所、給水所　完工","いろんなインフラ施設が完成したッス！
エネルギーや水の心配がグッと少なくなったはずッス、ご協力ありがとうッスよー！","いろんなインフラ施設が完成したッス！　ご協力、ありがとうッスよー！","サーチングウェイ",13,False,158,37,0,241023,1401,18,12,5,1,2,3,5,6,7,8,0,0,0,0,0
44,"ローダーハンガーII、コスモポート　改築資材準備中
 <UIForeground>F2023B</UIForeground><UIGlow>F2023C</UIGlow>コスモミッションに参加して資材を集めよう！","ローダーハンガーII、コスモポート　改築資材準備中","ローダーハンガーとコスモポートを高機能に改築するッス！
資材調達のため、コスモミッションにご協力くださいッス！","ローダーハンガーとコスモポートを高機能に改築するッス！　一緒に資材を集めてほしいッスよー！","サーチングウェイ",13,False,158,38,0,241024,0,0,0,0,1,2,3,5,6,7,8,0,0,0,0,0
45,"「第二次ハンガー拡張計画」　共同施工作業準備中
<UIForeground>F2023B</UIForeground><UIGlow>F2023C</UIGlow>共同施工作業の開始に備えよう！","「第二次ハンガー拡張計画」　共同施工作業準備中","ローダーハンガー改築のための共同施工作業の開催時刻が決まったッス！
開催時には、ぜひぜひ協力してほしいッスー！","ローダーハンガー改築のための共同施工作業の開催時刻が決まったッス！　協力してほしいッスー！","サーチングウェイ",13,False,158,39,0,241024,1451,0,0,0,1,2,3,5,6,7,8,0,0,0,0,0
46,"「第二次ハンガー拡張計画」　共同施工作業実施中
<UIForeground>F2023B</UIForeground><UIGlow>F2023C</UIGlow>共同施工作業に参加しよう！","「第二次ハンガー拡張計画」　共同施工作業実施中","ローダーハンガー改築のための、共同施工作業を開催中ッス！
ぜひぜひ参加してほしいッスー！","ローダーハンガー改築のための、共同施工作業を開催中ッス！　ぜひぜひ参加してほしいッスー！","サーチングウェイ",13,False,158,40,0,241024,0,0,0,0,1,2,3,5,6,7,8,0,0,0,0,0
47,"「第二次コスモポート整備作業」　共同施工作業準備中
<UIForeground>F2023B</UIForeground><UIGlow>F2023C</UIGlow>共同施工作業の開始に備えよう！","「第二次コスモポート整備作業」　共同施工作業準備中","コスモポート改築のための共同施工作業の開催時刻が決まったッス！
開催時には、ぜひぜひ協力してほしいッスー！","コスモポート改築のための共同施工作業の開催時刻が決まったッス！　協力してほしいッスー！","サーチングウェイ",14,False,158,41,0,241025,1402,18,13,5,1,2,3,5,6,7,8,0,0,0,0,0
48,"「第二次コスモポート整備作業」　共同施工作業実施中
<UIForeground>F2023B</UIForeground><UIGlow>F2023C</UIGlow>共同施工作業に参加しよう！","「第二次コスモポート整備作業」　共同施工作業実施中","コスモポート改築のための、共同施工作業を開催中ッス！
ぜひぜひ参加してほしいッスー！","コスモポート改築のための、共同施工作業を開催中ッス！　ぜひぜひ参加してほしいッスー！","サーチングウェイ",14,False,158,41,0,241025,0,0,0,0,1,2,3,5,6,7,8,0,0,0,0,0
49,"ローダーハンガーIII、コスモポートII　完工
<UIForeground>F2023B</UIForeground><UIGlow>F2023C</UIGlow>次の作業を計画中、自由に過ごそう！","ローダーハンガーIII、コスモポートII　完工","ローダーハンガー、コスモポートが高機能に改築されたッス！
ますます探索活動が捗るはずッス、ご協力ありがとうッスよー！","ローダーハンガー、コスモポートが高機能に改築されたッス！　ご協力、ありがとうッスよー！","サーチングウェイ",15,False,158,42,0,241026,1402,18,14,5,1,2,3,5,6,7,8,0,0,0,0,0
50,"「リフト用地整備」　資材準備中
<UIForeground>F2023B</UIForeground><UIGlow>F2023C</UIGlow>コスモミッションに参加して資材を集めよう！","「リフト用地整備」　資材準備中","地底に降りるリフトの開通工事をするッス！
資材調達のため、コスモミッションにご協力くださいッス！","地底に降りるリフトの開通工事をするッス！　一緒に資材を集めてほしいッスよー！","サーチングウェイ",15,False,158,43,0,241027,0,0,0,0,1,2,3,5,6,7,8,0,0,0,0,0
51,"「第一次リフト用地整備」　共同施工作業準備中
<UIForeground>F2023B</UIForeground><UIGlow>F2023C</UIGlow>共同施工作業の開始に備えよう！","「第一次リフト用地整備」　共同施工作業準備中","地底リフト開通工事のための、第一回共同施工作業の開催時刻が決まったッス！
開催時には、ぜひぜひ協力してほしいッスー！","地底リフト開通工事のための、第一回共同施工作業の開催時刻が決まったッス！　協力してほしいッスー！","サーチングウェイ",15,False,158,44,0,241027,1451,0,0,0,1,2,3,5,6,7,8,0,0,0,0,0
52,"「第一次リフト用地整備」　共同施工作業実施中
<UIForeground>F2023B</UIForeground><UIGlow>F2023C</UIGlow>共同施工作業に参加しよう！","「第一次リフト用地整備」　共同施工作業実施中","地底リフト開通工事のための、第一回共同施工作業を開催中ッス！
ぜひぜひ参加してほしいッスー！","地底リフト開通工事のための、第一回共同施工作業を開催中ッス！　ぜひぜひ参加してほしいッスー！","サーチングウェイ",15,False,158,45,0,241027,0,0,0,0,1,2,3,5,6,7,8,0,0,0,0,0
53,"「第二次リフト用地整備」　共同施工作業準備中
<UIForeground>F2023B</UIForeground><UIGlow>F2023C</UIGlow>共同施工作業の開始に備えよう！","「第二次リフト用地整備」　共同施工作業準備中","地底リフト開通工事のための、第二回共同施工作業の開催時刻が決まったッス！
開催時には、ぜひぜひ協力してほしいッスー！","地底リフト開通工事のための、第二回共同施工作業の開催時刻が決まったッス！　協力してほしいッスー！","サーチングウェイ",16,False,158,46,0,241028,1401,18,15,5,1,2,3,5,6,7,8,0,0,0,0,0
54,"「第二次リフト用地整備」　共同施工作業実施中
<UIForeground>F2023B</UIForeground><UIGlow>F2023C</UIGlow>共同施工作業に参加しよう！","「第二次リフト用地整備」　共同施工作業実施中","地底リフト開通工事のための、第二回共同施工作業を開催中ッス！
ぜひぜひ参加してほしいッスー！","地底リフト開通工事のための、第二回共同施工作業を開催中ッス！　ぜひぜひ参加してほしいッスー！","サーチングウェイ",16,False,158,46,0,241028,0,0,0,0,1,2,3,5,6,7,8,0,0,0,0,0
55,"「ネイディア・リフト」　完工
<UIForeground>F2023B</UIForeground><UIGlow>F2023C</UIGlow>次の作業を計画中、自由に過ごそう！","「ネイディア・リフト」　完工","地底への「ネイディア・リフト」が開通したッス！
地底空間の探索が捗るはずッス、ご協力ありがとうッスよー！","地底リフトが開通したッス！　ご協力、ありがとうッスよー！","サーチングウェイ",17,False,158,47,0,241029,1411,18,16,6,1,2,3,5,6,7,8,0,0,0,0,0
56,"「第五次コスモライナー敷設計画」　資材準備中
 <UIForeground>F2023B</UIForeground><UIGlow>F2023C</UIGlow>コスモミッションに参加して資材を集めよう！","「第五次コスモライナー敷設計画」　資材準備中","地底部のコスモライナーを敷設するッス！
資材調達のため、コスモミッションにご協力くださいッス！","地底部のコスモライナーを敷設するッス！　一緒に資材を集めてほしいッスよー！","サーチングウェイ",17,False,158,48,0,241030,0,0,0,0,1,2,3,5,6,7,8,0,0,0,0,0
57,"「第五次コスモライナー敷設計画」　敷設中
<UIForeground>F2023B</UIForeground><UIGlow>F2023C</UIGlow>コスモライナーの完成を待とう！","「第五次コスモライナー敷設計画」　敷設中","地底部のコスモライナー敷設の、完工予定時刻が決まったッス！
完工したらもっと便利になるから、もう少し待っててほしいッスー！","地底部のコスモライナー敷設の、完工予定時刻が決まったッス！","サーチングウェイ",17,False,158,48,0,241030,1452,0,0,0,1,2,3,5,6,7,8,0,0,0,0,0
58,"「コスモライナー：地底部」　敷設完了
<UIForeground>F2023B</UIForeground><UIGlow>F2023C</UIGlow>次の作業を計画中、自由に過ごそう！","「コスモライナー：地底部」　敷設完了","地底部にコスモライナーが敷設されたッス！
ますます探索が捗るはずッス、ご協力ありがとうッスよー！","地底部にコスモライナーが敷設されたッス！　ご協力、ありがとうッスよー！","サーチングウェイ",18,False,158,49,0,241031,1404,18,17,6,1,2,3,5,6,7,8,9,0,0,0,0
59,"「基地総合設備拡充工事」　資材準備中
 <UIForeground>F2023B</UIForeground><UIGlow>F2023C</UIGlow>コスモミッションに参加して資材を集めよう！","「基地総合設備拡充工事」　資材準備中","ムーンゲート基地のすんごい拡充をするッス！
資材調達のため、コスモミッションにご協力くださいッス！","ムーンゲート基地のすんごい拡充をするッス！　一緒に資材を集めてほしいッスよー！","サーチングウェイ",18,False,158,50,0,241032,0,0,0,0,1,2,3,5,6,7,8,9,0,0,0,0
60,"「基地総合設備拡充工事」　共同施工作業準備中
<UIForeground>F2023B</UIForeground><UIGlow>F2023C</UIGlow>共同施工作業の開始に備えよう！","「基地総合設備拡充工事」　共同施工作業準備中","基地のすんごい拡張のための、共同施工作業の開催時刻が決まったッス！
開催時には、ぜひぜひ協力してほしいッスー！","基地のすんごい拡張のための、共同施工作業の開催時刻が決まったッス！　協力してほしいッスー！","サーチングウェイ",18,False,158,51,0,241032,1451,0,0,0,1,2,3,5,6,7,8,9,0,0,0,0
61,"「基地総合設備拡充工事」　共同施工作業実施中
<UIForeground>F2023B</UIForeground><UIGlow>F2023C</UIGlow>共同施工作業に参加しよう！","「基地総合設備拡充工事」　共同施工作業実施中","ムーンゲート基地のすんごい拡張のための、共同施工作業を開催中ッス！
ぜひぜひ参加してほしいッスー！","ムーンゲート基地のすんごい拡張のための、共同施工作業を開催中ッス！　ぜひぜひ参加してほしいッスー！","サーチングウェイ",18,False,158,52,0,241032,0,0,0,0,1,2,3,5,6,7,8,9,0,0,0,0
62,"ムーンゲート基地「ルナホップ・ポリス」　完工
<UIForeground>F2023B</UIForeground><UIGlow>F2023C</UIGlow>星々に想いを馳せながら、自由に過ごそう！","ムーンゲート基地「ルナホップ・ポリス」　完工","ムーンゲート基地がすんごく拡張されたッス！
すっかり立派な基地になったッスね、ご協力ありがとうッスよー！","ムーンゲート基地がすんごく拡張されたッス！　ご協力、ありがとうッスよー！","サーチングウェイ",19,False,158,53,0,241033,1403,18,18,6,1,2,3,5,6,7,8,9,0,0,0,0
63,"「月面基地整備計画」　完了
<UIForeground>F2023B</UIForeground><UIGlow>F2023C</UIGlow>星々に想いを馳せながら、自由に過ごそう！","「月面基地整備計画」　完了","協力してくれたみんなのおかげで、月面の全施設が完成したッス！
焦がれの入江からの旅立ちの日に向けて、ワクワクが止まらないッス～！","協力してくれたみんなのおかげで、月面の全施設が完成したッス！　ありがとうッスよー！！","サーチングウェイ",19,False,158,54,0,241034,0,0,0,0,1,2,3,5,6,7,8,9,0,0,0,0
64,"「第一次基地拡張計画」　資材集積中
<UIForeground>F2023B</UIForeground><UIGlow>F2023C</UIGlow>コスモミッションに参加して資材を集めよう！","「第一次基地拡張計画」　資材集積中","グラスブロワーズ基地を拡張するべく、準備を進めてるッス！
資材調達のため、コスモミッションにご協力くださいッス！","今回も始めるッス！　グラスブロワーズ基地を拡張するべく、一緒に資材を集めてほしいッスよー！","サーチングウェイ",0,False,168,1,0,241035,0,0,0,0,2,3,4,0,0,0,0,0,0,0,0,0
65,"「第一次基地拡張計画」　共同施工作業準備中
<UIForeground>F2023B</UIForeground><UIGlow>F2023C</UIGlow>共同施工作業の開始に備えよう！","「第一次基地拡張計画」　共同施工作業準備中","グラスブロワーズ基地拡張のための、共同施工作業の開催時刻が決まったッス！
開催時には、ぜひぜひ協力してほしいッスー！","グラスブロワーズ基地拡張のための、共同施工作業の開催時刻が決まったッス！　協力してほしいッスー！","サーチングウェイ",0,False,168,1,0,241035,1451,0,0,0,2,3,4,0,0,0,0,0,0,0,0,0
66,"「第一次基地拡張計画」　共同施工作業実施中
<UIForeground>F2023B</UIForeground><UIGlow>F2023C</UIGlow>共同施工作業に参加しよう！","「第一次基地拡張計画」　共同施工作業実施中","グラスブロワーズ基地拡張のための、共同施工作業を開催中ッス！
ぜひぜひ参加してほしいッスー！","グラスブロワーズ基地拡張のための、共同施工作業を開催中ッス！　ぜひぜひ参加してほしいッスー！","サーチングウェイ",0,False,168,2,0,241035,0,0,0,0,2,3,4,0,0,0,0,0,0,0,0,0
67,"グラスブロワーズ基地「ベースキャンプII」　完工
<UIForeground>F2023B</UIForeground><UIGlow>F2023C</UIGlow>次の作業を計画中、自由に過ごそう！","グラスブロワーズ基地「ベースキャンプII」　完工","グラスブロワーズ基地が拡張されたッス！
探索活動もますます捗っていくはず……ご協力ありがとうッスよー！","グラスブロワーズ基地が拡張されたッス！　ご協力、ありがとうッスよー！","サーチングウェイ",1,False,168,3,0,241036,1478,126,0,6,2,3,4,0,0,0,0,0,0,0,0,0
68,"「第一次コスモライナー敷設支援」　資材集積中
<UIForeground>F2023B</UIForeground><UIGlow>F2023C</UIGlow>コスモミッションに参加して資材を集めよう！","「第一次コスモライナー敷設支援」　資材集積中","グラスブロワーズ基地付近に、コスモライナーを敷設するッス！
資材調達のため、コスモミッションにご協力くださいッス！","グラスブロワーズ基地付近に、コスモライナーを敷設するッス！　一緒に資材を集めてほしいッスよー！","サーチングウェイ",1,False,168,4,0,241037,0,0,0,0,2,3,4,0,0,0,0,0,0,0,0,0
69,"「第一次コスモライナー敷設支援」　共同施工作業準備中
<UIForeground>F2023B</UIForeground><UIGlow>F2023C</UIGlow>共同施工作業の開始に備えよう！","「第一次コスモライナー敷設支援」　共同施工作業準備中","コスモライナー敷設のための、共同施工作業の開催時刻が決まったッス！
開催時には、ぜひぜひ協力してほしいッスー！","コスモライナー敷設のための、共同施工作業の開催時刻が決まったッス！　協力してほしいッスー！","サーチングウェイ",1,False,168,4,0,241037,1451,0,0,0,2,3,4,0,0,0,0,0,0,0,0,0
70,"「第一次コスモライナー敷設支援」　共同施工作業実施中
<UIForeground>F2023B</UIForeground><UIGlow>F2023C</UIGlow>共同施工作業に参加しよう！","「第一次コスモライナー敷設支援」　共同施工作業実施中","グラスブロワーズ基地付近にコスモライナー敷設するための、共同施工作業を開催中ッス！
参加してほしいッスー！","グラスブロワーズ基地付近にコスモライナー敷設するための、共同施工作業を開催中ッス！　参加してほしいッスー！","サーチングウェイ",1,False,168,4,0,241037,0,0,0,0,2,3,4,0,0,0,0,0,0,0,0,0
71,"「コスモライナー：拠点周縁部」　敷設完了
<UIForeground>F2023B</UIForeground><UIGlow>F2023C</UIGlow>次の作業を計画中、自由に過ごそう！","「コスモライナー：拠点周縁部」　敷設完了","グラスブロワーズ基地付近にコスモライナーが敷設されたッス！
移動が便利になって遠くまで探索へ行けるッスね、ご協力ありがとうッスよー！","グラスブロワーズ基地付近にコスモライナーが敷設されたッス！　ご協力、ありがとうッスよー！","サーチングウェイ",2,False,168,5,0,241038,1479,126,1,6,2,3,4,0,0,0,0,0,0,0,0,0
72,"「居住モジュール設置支援」　資材集積中
<UIForeground>F2023B</UIForeground><UIGlow>F2023C</UIGlow>コスモミッションに参加して資材を集めよう！","「居住モジュール設置支援」　資材集積中","次は、居住モジュールを建設するッス！
資材調達のため、コスモミッションにご協力くださいッス！","居住モジュール建設のため、一緒に資材を集めてほしいッスよー！","サーチングウェイ",2,False,168,6,0,241039,0,0,0,0,2,3,4,0,0,0,0,0,0,0,0,0
73,"「居住モジュール設置支援」　共同施工作業準備中
<UIForeground>F2023B</UIForeground><UIGlow>F2023C</UIGlow>共同施工作業の開始に備えよう！","「居住モジュール設置支援」　共同施工作業準備中","居住モジュール建設のための共同施工作業の開催時刻が決まったッス！
開催時には、ぜひぜひ協力してほしいッスー！","居住モジュール建設のための共同施工作業の開催時刻が決まったッス！　協力してほしいッスー！","サーチングウェイ",2,False,168,6,0,241039,1451,0,0,0,2,3,4,0,0,0,0,0,0,0,0,0
74,"「居住モジュール設置支援」　共同施工作業実施中
<UIForeground>F2023B</UIForeground><UIGlow>F2023C</UIGlow>共同施工作業に参加しよう！","「居住モジュール設置支援」　共同施工作業実施中","居住モジュール建設のための、共同施工作業を開催中ッス！
ぜひぜひ参加してほしいッスー！","居住モジュール建設のための、共同施工作業を開催中ッス！　ぜひぜひ参加してほしいッスー！","サーチングウェイ",2,False,168,6,0,241039,0,0,0,0,2,3,4,0,0,0,0,0,0,0,0,0
75,"「居住モジュール」　完工
<UIForeground>F2023B</UIForeground><UIGlow>F2023C</UIGlow>次の作業を計画中、自由に過ごそう！","「居住モジュール」　完工","居住モジュールが建設されたッス！
基地で過ごすみんなにとっても役立つはずッス、ご協力ありがとうッスよー！","居住モジュールが建設されたッス！　ご協力、ありがとうッスよー！","サーチングウェイ",3,False,168,7,0,241040,1402,126,2,5,2,3,4,0,0,0,0,0,0,0,0,0
76,"発雷所、給水所　建設資材集積中
 <UIForeground>F2023B</UIForeground><UIGlow>F2023C</UIGlow>コスモミッションに参加して資材を集めよう！","発雷所、給水所　建設資材集積中","発雷所や給水所などの、インフラ施設を建設するッス！
資材調達のため、コスモミッションにご協力くださいッス！","発雷所や給水所などの、インフラ施設を建設するッス！　一緒に資材を集めてほしいッスよー！","サーチングウェイ",3,False,168,8,0,241041,0,0,0,0,2,3,4,0,0,0,0,0,0,0,0,0
77,"「エネルギー設備建設支援」　共同施工作業準備中
<UIForeground>F2023B</UIForeground><UIGlow>F2023C</UIGlow>共同施工作業の開始に備えよう！","「エネルギー設備建設支援」　共同施工作業準備中","発雷所建設のための共同施工作業の開催時刻が決まったッス！
開催時には、ぜひぜひ協力してほしいッスー！","発雷所建設のための共同施工作業の開催時刻が決まったッス！　協力してほしいッスー！","サーチングウェイ",3,False,168,8,0,241041,1451,0,0,0,2,3,4,0,0,0,0,0,0,0,0,0
78,"「エネルギー設備建設支援」　共同施工作業実施中
<UIForeground>F2023B</UIForeground><UIGlow>F2023C</UIGlow>共同施工作業に参加しよう！","「エネルギー設備建設支援」　共同施工作業実施中","発雷所建設のための、共同施工作業を開催中ッス！
ぜひぜひ参加してほしいッスー！","発雷所建設のための、共同施工作業を開催中ッス！　ぜひぜひ参加してほしいッスー！","サーチングウェイ",3,False,168,8,0,241041,0,0,0,0,2,3,4,0,0,0,0,0,0,0,0,0
79,"「給水設備建設支援」　共同施工作業準備中
<UIForeground>F2023B</UIForeground><UIGlow>F2023C</UIGlow>共同施工作業の開始に備えよう！","「給水設備建設支援」　共同施工作業準備中","給水所建設のための共同施工作業の開催時刻が決まったッス！
開催時には、ぜひぜひ協力してほしいッスー！","給水所建設のための共同施工作業の開催時刻が決まったッス！　協力してほしいッスー！","サーチングウェイ",4,False,168,9,0,241042,1401,126,3,5,2,3,4,0,0,0,0,0,0,0,0,0
80,"「給水設備建設支援」　共同施工作業実施中
<UIForeground>F2023B</UIForeground><UIGlow>F2023C</UIGlow>共同施工作業に参加しよう！","「給水設備建設支援」　共同施工作業実施中","給水所建設のための、共同施工作業を開催中ッス！
ぜひぜひ参加してほしいッスー！","給水所建設のための、共同施工作業を開催中ッス！　ぜひぜひ参加してほしいッスー！","サーチングウェイ",4,False,168,9,0,241042,0,0,0,0,2,3,4,0,0,0,0,0,0,0,0,0
81,"発雷所、給水所　完工
<UIForeground>F2023B</UIForeground><UIGlow>F2023C</UIGlow>次の作業を計画中、自由に過ごそう！","発雷所、給水所　完工","いろんなインフラ施設が完成したッス！
エネルギーや水の心配がグッと少なくなったはずッス、ご協力ありがとうッスよー！","いろんなインフラ施設が完成したッス！　ご協力、ありがとうッスよー！","サーチングウェイ",5,False,168,10,0,241043,1402,126,4,5,2,3,4,0,0,0,0,0,0,0,0,0
82,"「第一次ハンガー拡張計画」　資材集積中
<UIForeground>F2023B</UIForeground><UIGlow>F2023C</UIGlow>コスモミッションに参加して資材を集めよう！","「第一次ハンガー拡張計画」　資材集積中","ローダーハンガーを改築するッス！
資材調達のため、コスモミッションにご協力くださいッス！","ローダーハンガーを改築するッス！　一緒に資材を集めてほしいッスよー！","サーチングウェイ",5,False,168,11,0,241044,0,0,0,0,2,3,4,0,0,0,0,0,0,0,0,0
83,"「第一次ハンガー拡張計画」　共同施工作業準備中
 <UIForeground>F2023B</UIForeground><UIGlow>F2023C</UIGlow>共同施工作業の開始に備えよう！","「第一次ハンガー拡張計画」　共同施工作業準備中","ローダーハンガー改築のための共同施工作業の開催時刻が決まったッス！
開催時には、ぜひぜひ協力してほしいッスー！","ローダーハンガー改築のための共同施工作業の開催時刻が決まったッス！　協力してほしいッスー！","サーチングウェイ",5,False,168,11,0,241044,1451,0,0,0,2,3,4,0,0,0,0,0,0,0,0,0
84,"「第一次ハンガー拡張計画」　共同施工作業実施中
<UIForeground>F2023B</UIForeground><UIGlow>F2023C</UIGlow>共同施工作業に参加しよう！","「第一次ハンガー拡張計画」　共同施工作業実施中","ローダーハンガー改築のための共同施工作業を開催中ッス！
ぜひぜひ参加してほしいッスー！","ローダーハンガー改築のための共同施工作業を開催中ッス！　ぜひぜひ参加してほしいッスー！","サーチングウェイ",5,False,168,11,0,241044,0,0,0,0,2,3,4,0,0,0,0,0,0,0,0,0
85,"「ローダーハンガーII」　改装完了
<UIForeground>F2023B</UIForeground><UIGlow>F2023C</UIGlow>次の作業を計画中、自由に過ごそう！","「ローダーハンガーII」　改装完了","ローダーハンガーが改築されたッス！
これでローダーもますます活躍してくはず……ご協力、ありがとうッスよー！","ローダーハンガーが改築されたッス！　ご協力、ありがとうッスよー！","サーチングウェイ",6,False,168,12,0,241045,1402,126,5,5,2,3,4,0,0,0,0,0,0,0,0,0
86,"「第二次コスモライナー敷設計画」　資材集積中
<UIForeground>F2023B</UIForeground><UIGlow>F2023C</UIGlow>コスモミッションに参加して資材を集めよう！","「第二次コスモライナー敷設計画」　資材集積中","北西部から南部にかけてのコスモライナーを敷設するッス！
資材調達のため、コスモミッションにご協力くださいッス！","北西部から南部にかけてのコスモライナーを敷設するッス！　一緒に資材を集めてほしいッスよー！","サーチングウェイ",6,False,168,13,0,241046,0,0,0,0,2,3,4,0,0,0,0,0,0,0,0,0
87,"「第二次コスモライナー敷設計画」　敷設中
<UIForeground>F2023B</UIForeground><UIGlow>F2023C</UIGlow>コスモライナーの完成を待とう！","「第二次コスモライナー敷設計画」　敷設中","北西部から南部にかけてのコスモライナー敷設の、完工予定時刻が決まったッス！
完工したらもっと便利になるから、もう少し待っててほしいッスー！","北西部から南部にかけてのコスモライナー敷設の、完工予定時刻が決まったッス！","サーチングウェイ",6,False,168,13,0,241046,1452,0,0,0,2,3,4,0,0,0,0,0,0,0,0,0
88,"「コスモライナー：平野部」　敷設完了
<UIForeground>F2023B</UIForeground><UIGlow>F2023C</UIGlow>次の作業を計画中、自由に過ごそう！","「コスモライナー：平野部」　敷設完了","北西部から南部にかけてのコスモライナーが敷設されたッス！
遠くへの探索が捗るはずッスね、ご協力ありがとうッスよー！","北西部から南部にかけてのコスモライナーが敷設されたッス！　ご協力、ありがとうッスよー！","サーチングウェイ",7,False,168,14,0,241047,1480,126,6,6,2,3,4,5,6,7,0,0,0,0,0,0
89,"「降下クレーン建設工事」　資材集積中
<UIForeground>F2023B</UIForeground><UIGlow>F2023C</UIGlow>コスモミッションに参加して資材を集めよう！","「降下クレーン建設工事」　資材集積中","カプセル・カズムの谷底に降りるためのクレーンを建設するッス！
資材調達のため、コスモミッションにご協力くださいッス！","カプセル・カズムの谷底に降りるためのクレーンを建設するッス！　一緒に資材を集めてほしいッスよー！","サーチングウェイ",7,False,168,15,0,241048,0,0,0,0,2,3,4,5,6,7,0,0,0,0,0,0
90,"「第一次降下クレーン建設工事」　共同施工作業準備中
<UIForeground>F2023B</UIForeground><UIGlow>F2023C</UIGlow>共同施工作業の開始に備えよう！","「第一次降下クレーン建設工事」　共同施工作業準備中","クレーン建設工事のための、第一回共同施工作業の開催時刻が決まったッス！
開催時には、ぜひぜひ協力してほしいッスー！","クレーン建設工事のための、第一回共同施工作業の開催時刻が決まったッス！　協力してほしいッスー！","サーチングウェイ",7,False,168,15,0,241048,1451,0,0,0,2,3,4,5,6,7,0,0,0,0,0,0
91,"「第一次降下クレーン建設工事」　共同施工作業実施中
<UIForeground>F2023B</UIForeground><UIGlow>F2023C</UIGlow>共同施工作業に参加しよう！","「第一次降下クレーン建設工事」　共同施工作業実施中","クレーン建設工事のための、第一回共同施工作業を開催中ッス！
ぜひぜひ参加してほしいッスー！","クレーン建設工事のための、第一回共同施工作業を開催中ッス！　ぜひぜひ参加してほしいッスー！","サーチングウェイ",7,False,168,15,0,241048,0,0,0,0,2,3,4,5,6,7,0,0,0,0,0,0
92,"「第二次降下クレーン建設工事」　共同施工作業準備中
<UIForeground>F2023B</UIForeground><UIGlow>F2023C</UIGlow>共同施工作業の開始に備えよう！","「第二次降下クレーン建設工事」　共同施工作業準備中","クレーン建設工事のための、第二回共同施工作業の開催時刻が決まったッス！
開催時には、ぜひぜひ協力してほしいッスー！","クレーン建設工事のための、第二回共同施工作業の開催時刻が決まったッス！　協力してほしいッスー！","サーチングウェイ",8,False,168,16,0,241049,1401,126,7,5,2,3,4,5,6,7,0,0,0,0,0,0
93,"「第二次降下クレーン建設工事」　共同施工作業実施中
<UIForeground>F2023B</UIForeground><UIGlow>F2023C</UIGlow>共同施工作業に参加しよう！","「第二次降下クレーン建設工事」　共同施工作業実施中","クレーン建設工事のための、第二回共同施工作業を開催中ッス！
ぜひぜひ参加してほしいッスー！","クレーン建設工事のための、第二回共同施工作業を開催中ッス！　ぜひぜひ参加してほしいッスー！","サーチングウェイ",8,False,168,16,0,241049,0,0,0,0,2,3,4,5,6,7,0,0,0,0,0,0
94,"「アプリカシオン・クレーン」　完工
<UIForeground>F2023B</UIForeground><UIGlow>F2023C</UIGlow>次の作業を計画中、自由に過ごそう！","「アプリカシオン・クレーン」　完工","アプリカシオン・クレーンが完成したッス！
これで大穴の深くへの探索が捗るはずッス、ご協力ありがとうッスよー！","アプリカシオン・クレーンが完成したッス！　ご協力、ありがとうッスよー！","サーチングウェイ",9,False,168,17,0,241050,1481,126,8,6,2,3,4,5,6,7,0,0,0,0,0,0
95,"「第三次コスモライナー敷設計画」　資材集積中
<UIForeground>F2023B</UIForeground><UIGlow>F2023C</UIGlow>コスモミッションに参加して資材を集めよう！","「第三次コスモライナー敷設計画」　資材集積中","カプセル・カズムの谷底に、コスモライナーを敷設するッス！
一緒に資材を集めてほしいッスよー！","カプセル・カズムの谷底に、コスモライナーを敷設するッス！　一緒に資材を集めてほしいッスよー！","サーチングウェイ",9,False,168,18,0,241051,0,0,0,0,2,3,4,5,6,7,0,0,0,0,0,0
96,"「第三次コスモライナー敷設計画」　敷設中
<UIForeground>F2023B</UIForeground><UIGlow>F2023C</UIGlow>コスモライナーの完成を待とう！","「第三次コスモライナー敷設計画」　敷設中","カプセル・カズムの谷底へのコスモライナー敷設の、完工予定時刻が決まったッス！
完工したらもっと便利になるから、もう少し待っててほしいッスー！","カプセル・カズムの谷底へのコスモライナー敷設の、完工予定時刻が決まったッス！","サーチングウェイ",9,False,168,18,0,241051,1452,0,0,0,2,3,4,5,6,7,0,0,0,0,0,0
97,"「コスモライナー：瀑布部」　敷設完了
<UIForeground>F2023B</UIForeground><UIGlow>F2023C</UIGlow>次の作業を計画中、自由に過ごそう！","「コスモライナー：瀑布部」　敷設完了","カプセル・カズムの谷底のエリアにコスモライナーが敷設されたッス！
これで大穴の内部での探索が捗るはずッス、ご協力ありがとうッスよー！","カプセル・カズムの谷底のエリアにコスモライナーが敷設されたッス！　ご協力、ありがとうッスよー！","サーチングウェイ",10,False,168,19,0,241052,1482,126,9,6,2,3,4,5,6,7,0,0,0,0,0,0
98,"「第二次基地拡張計画」　資材集積中
<UIForeground>F2023B</UIForeground><UIGlow>F2023C</UIGlow>コスモミッションに参加して資材を集めよう！","「第二次基地拡張計画」　資材集積中","グラスブロワーズ基地の、さらなる拡張をするッス！
資材調達のため、コスモミッションにご協力くださいッス！","グラスブロワーズ基地の、さらなる拡張をするッス！　一緒に資材を集めてほしいッスよー！","サーチングウェイ",10,False,168,20,0,241053,0,0,0,0,2,3,4,5,6,7,0,0,0,0,0,0
99,"「第二次基地拡張計画」　共同施工作業準備中
<UIForeground>F2023B</UIForeground><UIGlow>F2023C</UIGlow>共同施工作業の開始に備えよう！","「第二次基地拡張計画」　共同施工作業準備中","基地のさらなる拡張のための、共同施工作業の開催時刻が決まったッス！
開催時には、ぜひぜひ協力してほしいッスー！","基地のさらなる拡張のための、共同施工作業の開催時刻が決まったッス！　協力してほしいッスー！","サーチングウェイ",10,False,168,20,0,241053,1451,0,0,0,2,3,4,5,6,7,0,0,0,0,0,0
100,"「第二次基地拡張計画」　共同施工作業実施中
<UIForeground>F2023B</UIForeground><UIGlow>F2023C</UIGlow>共同施工作業に参加しよう！","「第二次基地拡張計画」　共同施工作業実施中","グラスブロワーズ基地のさらなる拡張のための、共同施工作業を開催中ッス！
ぜひぜひ参加してほしいッスー！","グラスブロワーズ基地のさらなる拡張のための、共同施工作業を開催中ッス！　ぜひぜひ参加してほしいッスー！","サーチングウェイ",10,False,168,20,0,241053,0,0,0,0,2,3,4,5,6,7,0,0,0,0,0,0
101,"グラスブロワーズ基地「ベースキャンプIII」　完工
<UIForeground>F2023B</UIForeground><UIGlow>F2023C</UIGlow>次の作業を計画中、自由に過ごそう！","グラスブロワーズ基地「ベースキャンプIII」　完工","グラスブロワーズ基地がさらにいい感じに拡張されたッス！
探索活動がさらに捗るはずッスね、ご協力ありがとうッスよー！","グラスブロワーズ基地がさらにいい感じに拡張されたッス！　ご協力、ありがとうッスよー！","サーチングウェイ",11,False,168,21,0,241054,1483,126,10,6,1,3,4,5,6,7,0,0,0,0,0,0
102,"「第二次ハンガー拡張計画」　資材集積中
<UIForeground>F2023B</UIForeground><UIGlow>F2023C</UIGlow>コスモミッションに参加して資材を集めよう！","「第二次ハンガー拡張計画」　資材集積中","ローダーハンガーを改築するッス！
資材調達のため、コスモミッションにご協力くださいッス！","ローダーハンガーを改築するッス！　一緒に資材を集めてほしいッスよー！","サーチングウェイ",11,False,168,22,0,241055,0,0,0,0,1,3,4,5,6,7,0,0,0,0,0,0
103,"「第二次ハンガー拡張計画」　共同施工作業準備中
<UIForeground>F2023B</UIForeground><UIGlow>F2023C</UIGlow>共同施工作業の開始に備えよう！","「第二次ハンガー拡張計画」　共同施工作業準備中","ローダーハンガー改築のための共同施工作業の開催時刻が決まったッス！
開催時には、ぜひぜひ協力してほしいッスー！","ローダーハンガー改築のための共同施工作業の開催時刻が決まったッス！　協力してほしいッスー！","サーチングウェイ",11,False,168,22,0,241055,1451,0,0,0,1,3,4,5,6,7,0,0,0,0,0,0
104,"「第二次ハンガー拡張計画」　共同施工作業実施中
<UIForeground>F2023B</UIForeground><UIGlow>F2023C</UIGlow>共同施工作業に参加しよう！","「第二次ハンガー拡張計画」　共同施工作業実施中","ローダーハンガー改築のための共同施工作業を開催中ッス！
ぜひぜひ参加してほしいッスー！","ローダーハンガー改築のための共同施工作業を開催中ッス！　ぜひぜひ参加してほしいッスー！","サーチングウェイ",11,False,168,22,0,241055,0,0,0,0,1,3,4,5,6,7,0,0,0,0,0,0
105,"「ローダーハンガーIII」　改装完了
<UIForeground>F2023B</UIForeground><UIGlow>F2023C</UIGlow>次の作業を計画中、自由に過ごそう！","「ローダーハンガーIII」　改装完了","ローダーハンガーが改築されたッス！
これでローダーもさらに活躍してくはず……ご協力、ありがとうッスよー！","ローダーハンガーが改築されたッス！　ご協力、ありがとうッスよー！","サーチングウェイ",12,False,168,23,0,241056,1402,126,11,5,1,3,4,5,6,7,0,0,0,0,0,0
106,"「コスモポート整備支援」　資材集積中
<UIForeground>F2023B</UIForeground><UIGlow>F2023C</UIGlow>コスモミッションに参加して資材を集めよう！","「コスモポート整備支援」　資材集積中","コスモポートを改築するッス！
資材調達のため、コスモミッションにご協力くださいッス！","コスモポートを改築するッス！　一緒に資材を集めてほしいッスよー！","サーチングウェイ",12,False,168,24,0,241057,0,0,0,0,1,3,4,5,6,7,0,0,0,0,0,0
107,"「コスモポート整備支援」　共同施工作業準備中
<UIForeground>F2023B</UIForeground><UIGlow>F2023C</UIGlow>共同施工作業の開始に備えよう！","「コスモポート整備支援」　共同施工作業準備中","コスモポート改築のための共同施工作業の開催時刻が決まったッス！
開催時には、ぜひぜひ協力してほしいッスー！","コスモポート改築のための共同施工作業の開催時刻が決まったッス！　協力してほしいッスー！","サーチングウェイ",12,False,168,24,0,241057,1451,0,0,0,1,3,4,5,6,7,0,0,0,0,0,0
108,"「コスモポート整備支援」　共同施工作業実施中
<UIForeground>F2023B</UIForeground><UIGlow>F2023C</UIGlow>共同施工作業に参加しよう！","「コスモポート整備支援」　共同施工作業実施中","コスモポート改築のための共同施工作業を開催中ッス！
ぜひぜひ参加してほしいッスー！","コスモポート改築のための共同施工作業を開催中ッス！　ぜひぜひ参加してほしいッスー！","サーチングウェイ",12,False,168,24,0,241057,0,0,0,0,1,3,4,5,6,7,0,0,0,0,0,0
109,"「コスモポートII」　改装完了
<UIForeground>F2023B</UIForeground><UIGlow>F2023C</UIGlow>次の作業を計画中、自由に過ごそう！","「コスモポートII」　改装完了","コスモポートが改築されたッス！
これでさらに遠くの星だって目指せるはず……ご協力ありがとうッスよー！","コスモポートが改築されたッス！　ご協力、ありがとうッスよー！","サーチングウェイ",13,False,168,25,0,241058,1402,126,12,5,1,3,4,5,6,7,0,0,0,0,0,0
110,"「エネルギー集積施設工事」　資材集積中
<UIForeground>F2023B</UIForeground><UIGlow>F2023C</UIGlow>コスモミッションに参加して資材を集めよう！","「エネルギー集積施設工事」　資材集積中","エネルギー集積施設を建設するッスよ！
資材調達のため、コスモミッションにご協力くださいッス！","エネルギー集積施設建設のため、一緒に資材を集めてほしいッスよー！","サーチングウェイ",13,False,168,26,0,241059,0,0,0,0,1,3,4,5,6,7,0,0,0,0,0,0
111,"「第一次エネルギー集積施設工事」　共同施工作業準備中
<UIForeground>F2023B</UIForeground><UIGlow>F2023C</UIGlow>共同施工作業の開始に備えよう！","「第一次エネルギー集積施設工事」　共同施工作業準備中","エネルギー集積施設建設のための、第一回共同施工作業の開催時刻が決まったッス！
開催時には、ぜひぜひ協力してほしいッスー！","エネルギー集積施設建設のための、第一回共同施工作業の開催時刻が決まったッス！　協力してほしいッスー！","サーチングウェイ",13,False,168,26,0,241059,1451,0,0,0,1,3,4,5,6,7,0,0,0,0,0,0
112,"「第一次エネルギー集積施設工事」　共同施工作業実施中
<UIForeground>F2023B</UIForeground><UIGlow>F2023C</UIGlow>共同施工作業に参加しよう！","「第一次エネルギー集積施設工事」　共同施工作業実施中","エネルギー集積施設建設のための、第一回共同施工作業を開催中ッス！
ぜひぜひ参加してほしいッスー！","エネルギー集積施設建設のための、第一回共同施工作業を開催中ッス！　ぜひぜひ参加してほしいッスー！","サーチングウェイ",13,False,168,26,0,241059,0,0,0,0,1,3,4,5,6,7,0,0,0,0,0,0
113,"「第二次エネルギー集積施設工事」　共同施工作業準備中
<UIForeground>F2023B</UIForeground><UIGlow>F2023C</UIGlow>共同施工作業の開始に備えよう！","「第二次エネルギー集積施設工事」　共同施工作業準備中","エネルギー集積施設建設のための、第二回共同施工作業の開催時刻が決まったッス！
開催時には、ぜひぜひ協力してほしいッスー！","エネルギー集積施設建設のための、第二回共同施工作業の開催時刻が決まったッス！　協力してほしいッスー！","サーチングウェイ",14,False,168,27,0,241060,1401,126,13,5,1,3,4,5,6,7,0,0,0,0,0,0
114,"「第二次エネルギー集積施設工事」　共同施工作業実施中
<UIForeground>F2023B</UIForeground><UIGlow>F2023C</UIGlow>共同施工作業に参加しよう！","「第二次エネルギー集積施設工事」　共同施工作業実施中","エネルギー集積施設建設のための、第二回共同施工作業を開催中ッス！
ぜひぜひ参加してほしいッスー！","エネルギー集積施設建設のための、第二回共同施工作業を開催中ッス！　ぜひぜひ参加してほしいッスー！","サーチングウェイ",14,False,168,27,0,241060,0,0,0,0,1,3,4,5,6,7,0,0,0,0,0,0
115,"「メガパワーパネル」　完工
<UIForeground>F2023B</UIForeground><UIGlow>F2023C</UIGlow>次の作業を計画中、自由に過ごそう！","「メガパワーパネル」　完工","二基のメガパワーパネルが建設されたッス！
探索に使えるエネルギーもますます充実するッス、ご協力、ありがとうッスよー！","二基のメガパワーパネルが建設されたッス！　ご協力、ありがとうッスよー！","サーチングウェイ",15,False,168,28,0,241061,1402,126,14,5,1,3,4,5,6,7,0,0,0,0,0,0
116,"「冷却ドローン拠点建設工事」　資材集積中
<UIForeground>F2023B</UIForeground><UIGlow>F2023C</UIGlow>コスモミッションに参加して資材を集めよう！","「冷却ドローン拠点建設工事」　資材集積中","探索エリア拡大のために、溶融ガラス冷却ドローンの拠点を建設するッス！
資材調達のため、コスモミッションにご協力くださいッス！","探索エリア拡大のために、溶融ガラス冷却ドローンの拠点を建設するッス！　一緒に資材を集めてほしいッスよー！","サーチングウェイ",15,False,168,29,0,241062,0,0,0,0,1,3,4,5,6,7,0,0,0,0,0,0
117,"「冷却ドローン拠点建設工事」　共同施工作業準備中
<UIForeground>F2023B</UIForeground><UIGlow>F2023C</UIGlow>共同施工作業の開始に備えよう！","「冷却ドローン拠点建設工事」　共同施工作業準備中","冷却ドローン拠点建設のための、共同施工作業の開催時刻が決まったッス！
開催時には、ぜひぜひ協力してほしいッスー！","冷却ドローン拠点建設のための、共同施工作業の開催時刻が決まったッス！　協力してほしいッスー！","サーチングウェイ",15,False,168,29,0,241062,1451,0,0,0,1,3,4,5,6,7,0,0,0,0,0,0
118,"「冷却ドローン拠点建設工事」　共同施工作業実施中
<UIForeground>F2023B</UIForeground><UIGlow>F2023C</UIGlow>共同施工作業に参加しよう！","「冷却ドローン拠点建設工事」　共同施工作業実施中","冷却ドローン拠点建設のための、共同施工作業を開催中ッス！
ぜひぜひ参加してほしいッスー！","冷却ドローン拠点建設のための、共同施工作業を開催中ッス！　ぜひぜひ参加してほしいッスー！","サーチングウェイ",15,False,168,29,0,241062,0,0,0,0,1,3,4,5,6,7,0,0,0,0,0,0
119,"「第一次溶融ガラス冷却作戦」　遂行準備中
<UIForeground>F2023B</UIForeground><UIGlow>F2023C</UIGlow>共同施工作業の開始に備えよう！","「第一次溶融ガラス冷却作戦」　遂行準備中","溶融ガラス冷却作戦のための、第一回共同施工作業の開催時刻が決まったッス！
開催時には、ぜひぜひ協力してほしいッスー！","溶融ガラス冷却作戦のための、第一回共同施工作業の開催時刻が決まったッス！　協力してほしいッスー！","サーチングウェイ",16,False,168,30,0,241063,1401,126,15,5,1,3,4,5,6,7,0,0,0,0,0,0
120,"「第一次溶融ガラス冷却作戦」　遂行中
<UIForeground>F2023B</UIForeground><UIGlow>F2023C</UIGlow>共同施工作業に参加しよう！","「第一次溶融ガラス冷却作戦」　遂行中","溶融ガラス冷却作戦のための、第一回共同施工作業を開催中ッス！
ぜひぜひ参加してほしいッスー！","溶融ガラス冷却作戦のための、第一回共同施工作業を開催中ッス！　ぜひぜひ参加してほしいッスー！","サーチングウェイ",16,False,168,30,0,241063,0,0,0,0,1,3,4,5,6,7,0,0,0,0,0,0
121,"「第二次溶融ガラス冷却作戦」　遂行準備中
<UIForeground>F2023B</UIForeground><UIGlow>F2023C</UIGlow>共同施工作業の開始に備えよう！","「第二次溶融ガラス冷却作戦」　遂行準備中","溶融ガラス冷却作戦のための、第二回共同施工作業の開催時刻が決まったッス！
開催時には、ぜひぜひ協力してほしいッスー！","溶融ガラス冷却作戦のための、第二回共同施工作業の開催時刻が決まったッス！　協力してほしいッスー！","サーチングウェイ",17,False,168,31,0,241064,1401,126,16,5,1,3,4,5,6,7,0,0,0,0,0,0
122,"「第二次溶融ガラス冷却作戦」　遂行中
<UIForeground>F2023B</UIForeground><UIGlow>F2023C</UIGlow>共同施工作業に参加しよう！","「第二次溶融ガラス冷却作戦」　遂行中","溶融ガラス冷却作戦のための、第二回共同施工作業を開催中ッス！
ぜひぜひ参加してほしいッスー！","溶融ガラス冷却作戦のための、第二回共同施工作業を開催中ッス！　ぜひぜひ参加してほしいッスー！","サーチングウェイ",17,False,168,31,0,241064,0,0,0,0,1,3,4,5,6,7,0,0,0,0,0,0
123,"「溶融ガラス冷却作戦」　完遂
<UIForeground>F2023B</UIForeground><UIGlow>F2023C</UIGlow>次の作業を計画中、自由に過ごそう！","「溶融ガラス冷却作戦」　完遂","溶融ガラスが冷え固まって、探索可能エリアが拡大したッス！
惑星パエンナの探索がますます捗るはずッス、ご協力ありがとうッスよー！","溶融ガラスが冷え固まって、探索可能エリアが拡大したッス！　ご協力、ありがとうッスよー！","サーチングウェイ",18,False,168,32,0,241065,1484,126,17,6,1,3,4,5,6,7,0,0,0,0,0,0
124,"「第四次コスモライナー敷設計画」　資材集積中
<UIForeground>F2023B</UIForeground><UIGlow>F2023C</UIGlow>コスモミッションに参加して資材を集めよう！","「第四次コスモライナー敷設計画」　資材集積中","フュージングウェイ・ヴェントへのコスモライナーを敷設するッス！
一緒に資材を集めてほしいッスよー！","フュージングウェイ・ヴェントへのコスモライナーを敷設するッス！　一緒に資材を集めてほしいッスよー！","サーチングウェイ",18,False,168,33,0,241066,0,0,0,0,1,3,4,5,6,7,0,0,0,0,0,0
125,"「第四次コスモライナー敷設計画」　敷設中
<UIForeground>F2023B</UIForeground><UIGlow>F2023C</UIGlow>コスモライナーの完成を待とう！","「第四次コスモライナー敷設計画」　敷設中","フュージングウェイ・ヴェントへのコスモライナー敷設の、完工予定時刻が決まったッス！
完工したらもっと便利になるから、もう少し待っててほしいッスー！","フュージングウェイ・ヴェントへのコスモライナー敷設の、完工予定時刻が決まったッス！","サーチングウェイ",18,False,168,33,0,241066,1452,0,0,0,1,3,4,5,6,7,0,0,0,0,0,0
126,"「コスモライナー：火口部」　敷設完了
<UIForeground>F2023B</UIForeground><UIGlow>F2023C</UIGlow>次の作業を計画中、自由に過ごそう！","「コスモライナー：火口部」　敷設完了","フュージングウェイ・ヴェントにコスモライナーが敷設されたッス！
これで火口の近くまですぐに行けるようになったッス、ご協力ありがとうッスよー！","フュージングウェイ・ヴェントにコスモライナーが敷設されたッス！　ご協力、ありがとうッスよー！","サーチングウェイ",19,False,168,34,0,241067,1485,126,18,6,1,3,4,5,6,7,0,0,0,0,0,0
127,"「基地総合設備拡張工事」　資材集積中
<UIForeground>F2023B</UIForeground><UIGlow>F2023C</UIGlow>コスモミッションに参加して資材を集めよう！","「基地総合設備拡張工事」　資材集積中","グラスブロワーズ基地のすんごい拡張をするッス！
一緒に資材を集めてほしいッスよー！","グラスブロワーズ基地のすんごい拡張をするッス！　一緒に資材を集めてほしいッスよー！","サーチングウェイ",19,False,168,35,0,241068,0,0,0,0,1,3,4,5,6,7,0,0,0,0,0,0
128,"「基地総合設備拡張工事」　共同施工作業準備中
<UIForeground>F2023B</UIForeground><UIGlow>F2023C</UIGlow>共同施工作業の開始に備えよう！","「基地総合設備拡張工事」　共同施工作業準備中","基地のすんごい拡張のための、共同施工作業の開催時刻が決まったッス！
開催時には、ぜひぜひ協力してほしいッスー！","基地のすんごい拡張のための、共同施工作業の開催時刻が決まったッス！　協力してほしいッスー！","サーチングウェイ",19,False,168,35,0,241068,1451,0,0,0,1,3,4,5,6,7,0,0,0,0,0,0
129,"「基地総合設備拡張工事」　共同施工作業実施中
<UIForeground>F2023B</UIForeground><UIGlow>F2023C</UIGlow>共同施工作業に参加しよう！","「基地総合設備拡張工事」　共同施工作業実施中","グラスブロワーズ基地のすんごい拡張のための、共同施工作業を開催中ッス！
ぜひぜひ参加してほしいッスー！","グラスブロワーズ基地のすんごい拡張のための、共同施工作業を開催中ッス！　ぜひぜひ参加してほしいッスー！","サーチングウェイ",19,False,168,35,0,241068,0,0,0,0,1,3,4,5,6,7,0,0,0,0,0,0
130,"グラスブロワーズ基地「パエンナ・ステラスコープ」　完工
<UIForeground>F2023B</UIForeground><UIGlow>F2023C</UIGlow>星々に想いを馳せながら、自由に過ごそう！","グラスブロワーズ基地「パエンナ・ステラスコープ」　完工","グラスブロワーズ基地がすんごく拡張されたッス！
この惑星パエンナでの基地も立派になったッスね～、ご協力ありがとうッスよー！","グラスブロワーズ基地がすんごく拡張されたッス！　ご協力、ありがとうッスよー！","サーチングウェイ",20,False,168,36,0,241069,1486,126,19,6,1,3,4,5,6,7,0,0,0,0,0,0
131,"「惑星パエンナ探索計画」　完了
<UIForeground>F2023B</UIForeground><UIGlow>F2023C</UIGlow>星々に想いを馳せながら、自由に過ごそう！","「惑星パエンナ探索計画」　完了","協力してくれたみんなのおかげで、惑星パエンナの全施設が完成したッス！
次に旅立つ星を探してるッス、これまでのご協力ありがとうッスよー！！","協力してくれたみんなのおかげで、惑星パエンナの全施設が完成したッス！　ありがとうッスよー！！","サーチングウェイ",20,False,168,37,0,241070,0,0,0,0,1,3,4,5,6,7,0,0,0,0,0,0
132,"","","","","",0,False,0,0,0,0,0,0,0,0,0,0,0,0,0,0,0,0,0,0,0,0
133,"","","","","",0,False,0,0,0,0,0,0,0,0,0,0,0,0,0,0,0,0,0,0,0,0
134,"","","","","",0,False,0,0,0,0,0,0,0,0,0,0,0,0,0,0,0,0,0,0,0,0
135,"","","","","",0,False,0,0,0,0,0,0,0,0,0,0,0,0,0,0,0,0,0,0,0,0
136,"","","","","",0,False,0,0,0,0,0,0,0,0,0,0,0,0,0,0,0,0,0,0,0,0
137,"","","","","",0,False,0,0,0,0,0,0,0,0,0,0,0,0,0,0,0,0,0,0,0,0
138,"","","","","",0,False,0,0,0,0,0,0,0,0,0,0,0,0,0,0,0,0,0,0,0,0
139,"","","","","",0,False,0,0,0,0,0,0,0,0,0,0,0,0,0,0,0,0,0,0,0,0
140,"","","","","",0,False,0,0,0,0,0,0,0,0,0,0,0,0,0,0,0,0,0,0,0,0
141,"","","","","",0,False,0,0,0,0,0,0,0,0,0,0,0,0,0,0,0,0,0,0,0,0
142,"","","","","",0,False,0,0,0,0,0,0,0,0,0,0,0,0,0,0,0,0,0,0,0,0
143,"","","","","",0,False,0,0,0,0,0,0,0,0,0,0,0,0,0,0,0,0,0,0,0,0
144,"","","","","",0,False,0,0,0,0,0,0,0,0,0,0,0,0,0,0,0,0,0,0,0,0
145,"","","","","",0,False,0,0,0,0,0,0,0,0,0,0,0,0,0,0,0,0,0,0,0,0
146,"","","","","",0,False,0,0,0,0,0,0,0,0,0,0,0,0,0,0,0,0,0,0,0,0
147,"","","","","",0,False,0,0,0,0,0,0,0,0,0,0,0,0,0,0,0,0,0,0,0,0
148,"","","","","",0,False,0,0,0,0,0,0,0,0,0,0,0,0,0,0,0,0,0,0,0,0
149,"","","","","",0,False,0,0,0,0,0,0,0,0,0,0,0,0,0,0,0,0,0,0,0,0
150,"","","","","",0,False,0,0,0,0,0,0,0,0,0,0,0,0,0,0,0,0,0,0,0,0
151,"","","","","",0,False,0,0,0,0,0,0,0,0,0,0,0,0,0,0,0,0,0,0,0,0
152,"","","","","",0,False,0,0,0,0,0,0,0,0,0,0,0,0,0,0,0,0,0,0,0,0
153,"","","","","",0,False,0,0,0,0,0,0,0,0,0,0,0,0,0,0,0,0,0,0,0,0
154,"","","","","",0,False,0,0,0,0,0,0,0,0,0,0,0,0,0,0,0,0,0,0,0,0
155,"","","","","",0,False,0,0,0,0,0,0,0,0,0,0,0,0,0,0,0,0,0,0,0,0
156,"","","","","",0,False,0,0,0,0,0,0,0,0,0,0,0,0,0,0,0,0,0,0,0,0
157,"","","","","",0,False,0,0,0,0,0,0,0,0,0,0,0,0,0,0,0,0,0,0,0,0
158,"","","","","",0,False,0,0,0,0,0,0,0,0,0,0,0,0,0,0,0,0,0,0,0,0
159,"","","","","",0,False,0,0,0,0,0,0,0,0,0,0,0,0,0,0,0,0,0,0,0,0
160,"","","","","",0,False,0,0,0,0,0,0,0,0,0,0,0,0,0,0,0,0,0,0,0,0
161,"","","","","",0,False,0,0,0,0,0,0,0,0,0,0,0,0,0,0,0,0,0,0,0,0
162,"","","","","",0,False,0,0,0,0,0,0,0,0,0,0,0,0,0,0,0,0,0,0,0,0
163,"","","","","",0,False,0,0,0,0,0,0,0,0,0,0,0,0,0,0,0,0,0,0,0,0
164,"","","","","",0,False,0,0,0,0,0,0,0,0,0,0,0,0,0,0,0,0,0,0,0,0
165,"","","","","",0,False,0,0,0,0,0,0,0,0,0,0,0,0,0,0,0,0,0,0,0,0
166,"","","","","",0,False,0,0,0,0,0,0,0,0,0,0,0,0,0,0,0,0,0,0,0,0
167,"","","","","",0,False,0,0,0,0,0,0,0,0,0,0,0,0,0,0,0,0,0,0,0,0
168,"","","","","",0,False,0,0,0,0,0,0,0,0,0,0,0,0,0,0,0,0,0,0,0,0
169,"","","","","",0,False,0,0,0,0,0,0,0,0,0,0,0,0,0,0,0,0,0,0,0,0
170,"","","","","",0,False,0,0,0,0,0,0,0,0,0,0,0,0,0,0,0,0,0,0,0,0
171,"","","","","",0,False,0,0,0,0,0,0,0,0,0,0,0,0,0,0,0,0,0,0,0,0
172,"","","","","",0,False,0,0,0,0,0,0,0,0,0,0,0,0,0,0,0,0,0,0,0,0
173,"","","","","",0,False,0,0,0,0,0,0,0,0,0,0,0,0,0,0,0,0,0,0,0,0
174,"","","","","",0,False,0,0,0,0,0,0,0,0,0,0,0,0,0,0,0,0,0,0,0,0
175,"","","","","",0,False,0,0,0,0,0,0,0,0,0,0,0,0,0,0,0,0,0,0,0,0
176,"","","","","",0,False,0,0,0,0,0,0,0,0,0,0,0,0,0,0,0,0,0,0,0,0
177,"","","","","",0,False,0,0,0,0,0,0,0,0,0,0,0,0,0,0,0,0,0,0,0,0
178,"","","","","",0,False,0,0,0,0,0,0,0,0,0,0,0,0,0,0,0,0,0,0,0,0
179,"","","","","",0,False,0,0,0,0,0,0,0,0,0,0,0,0,0,0,0,0,0,0,0,0
180,"","","","","",0,False,0,0,0,0,0,0,0,0,0,0,0,0,0,0,0,0,0,0,0,0
181,"","","","","",0,False,0,0,0,0,0,0,0,0,0,0,0,0,0,0,0,0,0,0,0,0
182,"","","","","",0,False,0,0,0,0,0,0,0,0,0,0,0,0,0,0,0,0,0,0,0,0
183,"","","","","",0,False,0,0,0,0,0,0,0,0,0,0,0,0,0,0,0,0,0,0,0,0
184,"","","","","",0,False,0,0,0,0,0,0,0,0,0,0,0,0,0,0,0,0,0,0,0,0
185,"","","","","",0,False,0,0,0,0,0,0,0,0,0,0,0,0,0,0,0,0,0,0,0,0
186,"","","","","",0,False,0,0,0,0,0,0,0,0,0,0,0,0,0,0,0,0,0,0,0,0
187,"","","","","",0,False,0,0,0,0,0,0,0,0,0,0,0,0,0,0,0,0,0,0,0,0
188,"","","","","",0,False,0,0,0,0,0,0,0,0,0,0,0,0,0,0,0,0,0,0,0,0
189,"","","","","",0,False,0,0,0,0,0,0,0,0,0,0,0,0,0,0,0,0,0,0,0,0
190,"","","","","",0,False,0,0,0,0,0,0,0,0,0,0,0,0,0,0,0,0,0,0,0,0
191,"","","","","",0,False,0,0,0,0,0,0,0,0,0,0,0,0,0,0,0,0,0,0,0,0
192,"","","","","",0,False,0,0,0,0,0,0,0,0,0,0,0,0,0,0,0,0,0,0,0,0
193,"","","","","",0,False,0,0,0,0,0,0,0,0,0,0,0,0,0,0,0,0,0,0,0,0
194,"","","","","",0,False,0,0,0,0,0,0,0,0,0,0,0,0,0,0,0,0,0,0,0,0
195,"","","","","",0,False,0,0,0,0,0,0,0,0,0,0,0,0,0,0,0,0,0,0,0,0
196,"","","","","",0,False,0,0,0,0,0,0,0,0,0,0,0,0,0,0,0,0,0,0,0,0
197,"","","","","",0,False,0,0,0,0,0,0,0,0,0,0,0,0,0,0,0,0,0,0,0,0
198,"","","","","",0,False,0,0,0,0,0,0,0,0,0,0,0,0,0,0,0,0,0,0,0,0
199,"","","","","",0,False,0,0,0,0,0,0,0,0,0,0,0,0,0,0,0,0,0,0,0,0
